:020000040800F2
:10000000780F002055020008B9720008231D00086F
:10001000B5720008791700088F780008000000000A
:10002000000000000000000000000000A1740008B3
:10003000211900080000000035730008B975000898
:100040006F0200086F0200086F0200086F020008CC
:100050006F0200086F0200086F0200086F020008BC
:100060006F0200086F0200086F0200086F020008AC
:100070006F0200086F0200086F0200086F0200089C
:100080006F0200086F0200086F0200086F0200088C
:100090006F0200086F0200086F0200086F0200087C
:1000A0006F0200086F0200086F0200086F0200086C
:1000B0006F0200086F0200086F0200086F0200085C
:1000C0006F0200086F0200086F0200086F0200084C
:1000D0006F020008257600086F020008AD76000860
:1000E0006F0200086F0200086F0200086F0200082C
:1000F0006F0200086F0200086F0200086F0200081C
:100100006F0200086F0200086F0200086F0200080B
:100110006F0200086F0200086F0200086F020008FB
:100120006F0200086F0200086F0200086F020008EB
:100130006F0200086F0200086F0200086F020008DB
:100140006F0200086F0200086F0200086F020008CB
:100150006F0200086F0200086F0200086F020008BB
:100160006F0200086F0200086F0200086F020008AB
:100170006F0200086F0200086F0200086F0200089B
:100180006F0200086F02000800F002F800F052F859
:100190000AA090E8000C82448344AAF10107DA45E2
:1001A00001D100F047F8AFF2090EBAE80F0013F0E2
:1001B000010F18BFFB1A43F00103184798A900006C
:1001C000B8A90000103A24BF78C878C1FAD85207FD
:1001D00024BF30C830C144BF04680C6070470000C1
:1001E0000023002400250026103A28BF78C1FBD840
:1001F000520728BF30C148BF0B607047662908F01E
:100200004D87642900F0B880782900F0F1807329C7
:1002100000F07784002070471FB508F03AFF00F027
:1002200087FC04000020002108F06EFDE0601FBD87
:1002300010B510BD00F080FD1146FFF7EDFF08F08E
:1002400061FB00F09EFD03B4FFF7F2FF03BC07F073
:100250007EFE00000948804709480047FEE7FEE7A8
:10026000FEE7FEE7FEE7FEE7FEE7FEE7FEE7FEE766
:1002700004480549054A064B70470000BD75000853
:100280008901000878090020780F0020780B0020F1
:10029000780B0020704700000FB4044910B503AA82
:1002A000029800F033FC10BC5DF814FB1400002031
:1002B0000FB41CB5074B06AA7B446946009005980D
:1002C00000F0F5FB0020694600F004FC1CBC5DF862
:1002D00014FB00001908000070B504468569006829
:1002E000C10601D5302600E02026C00707D070BD2A
:1002F000D4E9012130469047206A401C20626D1EDF
:10030000F6D570BD70B5044685690078C00707D181
:1003100070BDD4E9012120209047206A401C206252
:100320006D1EF6D570BD70B50C460546012A05D088
:100330002878800600D5EA69002302E0012305E061
:100340005B1C934202D2E05C0028F9D1A869E61850
:10035000C01AA861286A184428622846FFF7BCFF23
:1003600004E0D5E9012114F8010B9047B442F8D319
:100370002846FFF7C7FF70BD2DE9F041064600246F
:1003800010687529314616A510D0AFF300800028FB
:1003900002DA404213A507E031688A0701D512A5A9
:1003A00002E0490704D511A5012401E0AFF3008064
:1003B00000210A2206F1240709E0B0FBF2FCB0FBA1
:1003C000F2F302FB1C00303078541846491C002818
:1003D000F3D123462A463046BDE8F04100F0FBB891
:1003E000000000002D0000002B0000002000000095
:1003F00070B504460D4621461068AFF30080218891
:10040000090502D50F4A7A4402E00E4A7A440E32B8
:10041000002104F1240305E000F00F060009965DB9
:100420005E54491C0028F7D120780023000704D52A
:10043000702D02D009B1022311322046BDE8704070
:1004400000F0C9B856A400002DE9F0474FF0000AAB
:1004500089460446C0F820A02046E1688847002865
:1004600076D0252806D0D4E901219047206A401C87
:100470002062F1E7E168204600258847C4F81CA007
:1004800006460027C4F818A02A2E09D0304607F0E7
:1004900057FD38B304EB8708303EC8F8186019E000
:1004A00059F8041B204604EB87029161E1688847F4
:1004B000012F064618D1E069002820DA25F0200532
:1004C0001DE0D8F8180000EB800006EB4000303843
:1004D000C8F818002046E1688847064607F030FD56
:1004E0000028EED1012F0AD02E2E08D12046E16837
:1004F00088477F1C0646022F45F02005C4DBA06913
:10050000002803DA404245F00105A061E80701D068
:1005100025F01005B6B1A6F14100192802D8203601
:1005200045F400654A463146204625604D46FFF7B2
:1005300065FE58B1012806D0ED1D25F0070000F139
:10054000080989E704E005F1040985E730468AE7F0
:10055000206ABDE8F08730B505460B462A4613F8F9
:10056000014B12F8010B08B1A042F8D01CB10028D1
:1005700002D06D1CF1E7284630BD10B5431C02E0E7
:1005800010F8011B71B18107FAD14FF0013202C896
:100590008C1A8C4314EAC211F9D0C01A0A0603D08F
:1005A000C01E10BDC01A10BD0A0401D0801E10BDAF
:1005B0000902FCD0401E10BD70477047704770475D
:1005C00010B500F0B9FA006810BD10B5044600F08F
:1005D000B3FA046010BD2DE9F0470D4699469246E6
:1005E000044600F124080168880604D5E06921F07A
:1005F0001001216000E00120A84201DD471B00E05E
:100600000027A1697A1902EB0900081AA061207875
:10061000C00602D42046FFF75FFE002608E0D4E9BA
:1006200001211AF806009047206A401C761C2062BF
:100630004E45F4DB2078C0060AD52046FFF74CFE75
:1006400006E0D4E9012130209047206A401C206256
:10065000381EA7F10107F4DC07E0D4E9012118F8FE
:1006600005009047206A401C2062281EA5F1010564
:10067000F3DC2046FFF746FE2078000602D5022074
:10068000BDE8F0870120FBE770472DE9FF4F0C46DE
:100690001E464FF0FF378BB0D2E90001DDF86080D5
:1006A0000A908A46C1F30A5505B93D46002108461D
:1006B0004FF00000BAF1000F00F4400005DA00EB43
:1006C00080004FF4400101EA50004FEA9059B9F11F
:1006D000010F00DDB9460A9850EA4A000ED044F6F0
:1006E0001050A5F2FF3545432F14B8F1000F1ED06E
:1006F0007542291E1EDDC9F100021CE0B8F1010F90
:100700004FF0000001D0302103E0F24305E0215416
:10071000401CB042FBDB30460022002121540B99E3
:10072000C1F80880C1E900200FB0BDE8F08FBD1B03
:100730006D1CDEE74A4600DA694206A800F086FA38
:1007400006AB93E8070003AB83E8070050460A991D
:1007500000F05EFB8DE80700A0F500501F38009008
:100760000398002D09DD42F21F014A46084403A9FF
:100770000390684600F0BDFD08E0A0F500504A4631
:100780001F3803A90390684600F0C7FD8DE80700F5
:100790000004000C03D04FF0FF30410800E0104689
:1007A000B8F1000F03D00022009215461EE0751E1E
:1007B00005D400F0C5F9303262556D1EF9D5B34647
:1007C0000122084302D000227F1C04E02078302858
:1007D00001D100227F1E002A099786D01DE0112D2D
:1007E00007DA00F0ADF9303262556D1C50EA0102B3
:1007F000F5D1084302D00098C8B10EE00021681E70
:1008000005E0235C625C63542254401E491C814213
:10081000F7DBAB46A81B401E0990002004F80B0034
:100820000B98099AC0F80880C0E9002B7CE71126D4
:100830004FF0000859E72DE9F04F88460446D21DD5
:1008400022F0070191B0D1E90001CDE90A0107F0DA
:1008500020F802460B98C00F01D02D2007E0206839
:10086000810701D52B2002E0202101EAC000032AE4
:10087000099001D0072A05DB03464146204600F0D7
:10088000A5F90BE12078800601D5E06900E006209B
:10089000B8F1650F814606D0B8F1660F18D0B8F1EF
:1008A000670F70D131E00020B9F1110F009001DB2A
:1008B000112301E009F101030AAA01A90CA8FFF71D
:1008C000E4FEDDE90C70002609F10105834647E0EE
:1008D00001204B4600904FF000470AAA01A90CA83E
:1008E000FFF7D3FEDDE90DB00C995D46002610B987
:1008F00009F101000D18B9EB050003D4C0F1FF3672
:1009000009F10105A5EB09002BE0B9F1010F01DAAE
:100910004FF001090020B9F1110F0090484601DDA8
:10092000112300E003460AAA01A90CA8FFF7ADFEB7
:10093000DDE90C704D4600268346207800070AD476
:10094000AB4500DA5D4601A8012D04DD411911F81F
:10095000011C302907D04F4502DA17F1040F04DAE1
:10096000012082460FE06D1EEEE7002F02DCED1B3A
:100970003E4403E0781CA84200DD7D1CB81B00F15A
:10098000010A4FF000472078000703D4AA4501DB95
:100990004FF0FF3A0021B7F1004F0DF143088DF8F9
:1009A000431024D002202B23002F01DA7F422D2375
:1009B0000A21021EA0F1010000DC5FB197FBF1FCEF
:1009C00097FBF1F201FB1C7C17460CF1300C08F888
:1009D00001CDEEE7A8F1010003702188090501D5DA
:1009E000452100E06521A0F1010800F8011C0998EB
:1009F0000FA9A1EB0807FF1D00B10120411901EB70
:100A0000EA70A1693844081A401EA0612078C00627
:100A100002D42046FFF760FC099828B1D4E90121EF
:100A20009047206A401C20622078C00622D52046CC
:100A3000FFF752FC1EE0002E04DBB34502DD01A8E7
:100A4000805D00E03020D4E901219047206A401CFD
:100A50002062761CAAF101005FEA000A0AD100F0C8
:100A600067F8C0680168405CD4E901219047206ABA
:100A7000401C2062281EA5F10105DCDC07E0D4E95A
:100A8000012118F8010B9047206A401C2062381E93
:100A9000A7F10107F3DC2046FFF734FC032011B077
:100AA00043E6000001694A1C02610878704700B5FE
:100AB0008FB0CDE901310021059105497944CDE997
:100AC000031011466846FFF7BFFC0FB000BD0000E1
:100AD000E5FFFFFF0A6802F8010B0A60704710B5D6
:100AE000436913B1AFF3008001E0FFF71CFC012064
:100AF00010BD127800F124010A7000224A70012210
:100B0000EDE711684FF0FF32E9E70000074B70B5E1
:100B10000D467B44FFF7CBFF0446284600F004F95E
:100B200010B14FF0FF3070BD204670BDD37D000086
:100B30000048704738090020004870471809002015
:100B400030B5B0F10A024FEA900E71F100034EEA9F
:100B5000817EB0EB0E0061EB91014FEA101E4EEA70
:100B6000017E10EB0E0041EB11114FEA102E4EEA00
:100B7000016E10EB0E0041EB11214FEA104E4EEAD0
:100B8000014E10EB0E0041EB1141401841F1000104
:100B90004FEAD00040EA41704FEAD10110EB8005E6
:100BA0004FEA810444EA907444EB01046D1944EB6C
:100BB0000404521BA3414FF0000348BF0A3200D582
:100BC00030BD401C41F1000130BD00002DE9F04175
:100BD0001F46044603260168072A01F4006004DB6F
:100BE00008B116A505E016A503E008B115A500E0BB
:100BF00015A521F010002060A069C01EA0610FB1F2
:100C0000401EA0612046FFF767FB4FB1D4E90121E8
:100C100038469047206A401C2062C01C206206E0D3
:100C2000206AFAE7D4E9012115F8010B9047761EF6
:100C3000F8D22046FFF766FBBDE8F0814E414E003A
:100C40006E616E00494E4600696E66002DE9F04700
:100C5000814616468AB0334878440DC88DE80D00A9
:100C600030487844801C03AC0DC884E80D0041F680
:100C70009B300844372190FBF1F290FBF1F5A5F190
:100C8000800501FB12041B3C02D56442012000E0F8
:100C90000020DFF890A080460027FA44AAF1BE0A9F
:100CA0000DE0E00709D03246684607EB47010AEB42
:100CB000810100F032FB8DE8070064107F1C002CDE
:100CC000EFD1184F7F44AC3F18E0E80714D007EB92
:100CD00004100DF1180A90E80E008AE80E00C068B2
:100CE000F04201D198190890324606A903A800F0F5
:100CF00014FB03AB83E807006D10641C002DE4D1E6
:100D000032466946B8F1000F03A802D000F0F1FAAC
:100D100001E000F002FBC9E90001C9F808200AB0AF
:100D2000BDE8F087E89D0000007B00F08000704780
:100D300000487047180900207546FFF7F9FFAE46D6
:100D400005006946534620F00700854618B020B5D7
:100D5000FFF78EFABDE820404FF000064FF0000785
:100D60004FF000084FF0000B21F00701AC46ACE853
:100D7000C009ACE8C009ACE8C009ACE8C0098D46C0
:100D800070470446AFF300802046FFF75CFA00008E
:100D90004FF0013C50F8042B51F8043B9A4221D10A
:100DA000A2EB0C03934313EACC1317D150F8042B96
:100DB00051F8043B9A4215D1A2EB0C03934313EA7A
:100DC000CC130BD150F8042B51F8043B9A4209D1B3
:100DD000A2EB0C03934313EACC13DBD04FF00000DB
:100DE000704700BFD01A01BAB1FA81F101F01801C1
:100DF00022FA01F0CB40C1F12001DBB2C0B2C01A2F
:100E00002CFA01F3D11A914311EAC311E6D17047CC
:100E10005FEA400C08BF91F0000F4FEA8C234FEAC5
:100E2000C12243EA51514FEA1C5018BF00F5F0406F
:100E30004FEA300018BF41F000415FEA6C5C00F0FF
:100E40002980BCF1FF3F08BF40F080407047130C81
:100E500006BF12044FF0100C4FF0000C130E04BF2D
:100E600012020CF1080C130F04BF12010CF1040C58
:100E7000930F04BF92000CF1020CD30F04BF520079
:100E80000CF1010C11464FF00002A0F11F00A0EB85
:100E90000C00704711F0004F08BF704731F000415F
:100EA0003FF4D5AF0B0C06BF09044FF0100C4FF008
:100EB000000C0B0E04BF09020CF1080C0B0F04BF51
:100EC00009010CF1040C8B0F04BF89000CF1020C1A
:100ED000CB0F04BF49000CF1010CCCF12003A0EBB7
:100EE0000C0022FA03F302FA0CF241EA030100F1CA
:100EF0000100704720F07F4C80EA030023F07F4719
:100F0000ACEB070303F57C5300F0004003F1FF0353
:100F10002DE980494FEA154B09B44FEA144325EAFD
:100F20000B4E24EA03480FF2042606EB1327490868
:100F30003E785FEA320203FB0667C7F5000707FB4E
:100F400006F64FEA54374FEAD64606F1020607FB8B
:100F5000066CCCF1005C4FEA1C472CEA074C07FBFF
:100F600006F40CFB06F504EB15464FEA961634BF63
:100F700000204FF000404FEAD13706FB07FC4FEA54
:100F80001C4C0CFB0BF7D21B03FB0CF761EB0701AE
:100F90000CFB0EF7B0EB074072EB17420CFB08F7A7
:100FA00034BFA2EB0742B2EB074261EB17414FEAB5
:100FB0000C444FEA910706FB07FC4FEA1C4C0CFB64
:100FC0000BF7B0EBC74072EB573203FB0CF734BFA3
:100FD000A2EBC742B2EBC74261EB57310CFB0EF7F5
:100FE000B0EBC70072EB57720CFB08F734BFA2EBF3
:100FF000C702B2EBC70261EB5771039F4FEA8161F1
:1010000041EA921104EBCC044FEAD1374FEA8262F5
:1010100006FB07FC42EA90124FEA80604FEA1C4C44
:101020000CFB0BF7D21B03FB0CF761EB07010CFB6E
:101030000EF7B0EB074072EB17420CFB08F734BF1A
:10104000A2EB0742B2EB074261EB17414FEA8C5526
:101050004FEA910704EB9C2406FB07FC4FEA1C4C6B
:101060000CFB0BF7B0EBC74072EB573203FB0CF7EE
:1010700034BFA2EBC742B2EBC74261EB57310CFB66
:101080000EF7B0EBC70072EB57720CFB08F734BFDA
:10109000A2EBC702B2EBC70261EB577115EB4C250F
:1010A0004FEA816141EA92114FEA82624FEAD137F9
:1010B00042EA901206FB07FC44F100044FEA80600C
:1010C0004FEA1C4C0CFB0BF7D21B03FB0CF761EB3C
:1010D00007010CFB0EF7B0EB074072EB17420CFB5D
:1010E00008F734BFA2EB0742B2EB074261EB1741AE
:1010F00015EB1C154FEA813141EA92414FEA8232E9
:1011000042EA90424FEA80304FEA0C7644F1000404
:1011100048EA03434EEA0B484FF0000EB2EB080CCE
:1011200071EB030724BF624639464EEB0E0E4FF0BB
:10113000000B0018524149414BEB0B0BB2EB080C72
:1011400071EB03077BF1000B24BF624639464EEB7F
:101150000E0E4FF0000B0018524149414BEB0B0BA8
:10116000B2EB080C71EB03077BF1000B24BF624666
:1011700039464EEB0E0E51EA020718BF46F0010643
:1011800016EB0E7655F1000254F1000103D5BDE8CF
:101190008901BDE80088BDE88901BDE80048B619AD
:1011A000524141EB0101A3F10103704780807F7E32
:1011B0007D7C7B7A797877767675747372717170CD
:1011C0006F6E6E6D6C6C6B6A6A696868676666657F
:1011D0006464636362616160605F5F5E5E5D5D5C0D
:1011E0005C5B5B5A5A59595858575756565555557E
:1011F0005454535352525251515050504F4F4F4EDE
:101200004E4D4D4D4C4C4C4B4B4B4A4A4A4949492B
:10121000484848474747474646464545454444446D
:10122000444343434342424242414141002B26D47E
:10123000770021D01CB54FEA370703B44FF01000F8
:101240004FF010014FF000000FBCBDE810400BF153
:10125000010BBBF1010F08BF5FEA170722BF12F1B4
:10126000010211F101014FF0004143F1000300F0D0
:10127000004043EA00007047F9D35708DAE746EA2E
:10128000064613F1400F4FEA16461FDD13F1200FFB
:10129000DFBF16430A46002120335B42C8D0C3F1AA
:1012A000200746EA064602FA07F74FEA164646EADC
:1012B0000706C3F1200722FA03F201FA07F721FA21
:1012C00003F14FF0000342EA0702B1E746EA0206E3
:1012D00046EA06464FEA164646EA0106BCBF46EA1B
:1012E0000646360C4FF000034FF000024FF00001AD
:1012F0009EE72DE9C048934630B491E8380007C80E
:1013000031EA400C48BF34EA430C03D5FFF7F2FD45
:10131000FFF78CFFF0BCBDE800882DE9C04893467C
:1013200030B491E8380007C810F0804F08BF13F0C0
:10133000804F03D100F005F8FFF778FFF0BCBDE85F
:10134000008820F07F4780EA030023F07F4C07EB02
:101350000C03A3F57C5300F00040A3F1FE0392F0D0
:10136000000F00F0B38095F0000F00F077802DE9BA
:1013700001494FEA11404FEA144621EA004800FBB8
:1013800006FC24EA064708FB06F607FB08F800FB04
:1013900007F718EB06484CEB164C4FEA124B18EBCC
:1013A00007484FEA15464CEB174022EA0B4E0BFB61
:1013B00006FC25EA06470EFB06F607FB0EFE0BFBB6
:1013C00007F71EEB064E4CEB164C4FF000061EEBDB
:1013D000074E4CEB174B18EB0B0840F1000018EBD5
:1013E0000E0B58EB000840F100008F1A4FF000017F
:1013F0003CBFC943661B14BFB5EB040C00213CBFC6
:10140000C943F61B4FEA17444EEA8E0E27EA0445FD
:101410004FEA1C4704FB07622CEA074C05FB07F761
:101420000CFB05F604FB0CFC16EB074642EB1742DF
:1014300016EB0C4642EB1C421BEB060658EB020275
:10144000414146EA9E0601D5BDE80189B6195241DF
:1014500041EB0101A3F10103BDE801894FEA144505
:101460004FEA114724EA054621EA074C05FB07F439
:1014700006FB07F70CFB06F105FB0CFC11EB074123
:1014800044EB17444FEA124711EB0C4144EB1C4468
:1014900022EA074C05FB07F206FB07F70CFB06F6F2
:1014A00005FB0CFC16EB074642EB174216EB0C460D
:1014B00042EB1C456A1854F1000148BF7047B61949
:1014C000524141EB0101A3F10103704795F0000F78
:1014D00037D04FEA11424FEA144721EA024624EA84
:1014E000074C02FB07F106FB07F70CFB06F402FBB7
:1014F0000CFC14EB074441EB17414FEA154714EB82
:101500000C4441EB1C4125EA074C02FB07F506FBA6
:1015100007F70CFB06F602FB0CFC16EB074645EB47
:10152000174516EB0C4645EB1C42121951F1000110
:1015300048BF7047B619524141EB0101A3F10103C5
:1015400070474FEA14454FEA114724EA054621EA5D
:10155000074C05FB07F106FB07F70CFB06F24FF003
:10156000000605FB0CFC12EB074241EB174112EBA6
:101570000C4251EB1C4148BF7047921841EB0101EE
:10158000A3F101037047CA430260704721B182682A
:1015900042F00102826003E0826822F00102826070
:1015A000704700000021084A1168084A1140D0E93C
:1015B00000231A4383681A43C3681A431143044A39
:1015C000C2F804137047000004230140E030FCFF20
:1015D000002001400021016041608160C1607047CE
:1015E0000146C86C80B270470246002013680B4069
:1015F0000BB1012000E000207047000030B502462A
:10160000002000235068104C20400D790C6844EAFB
:1016100005242043506090680C4C2040D1E90354CD
:101620002C438D682C434D7944EA45042043906057
:10163000D06A20F470000C7D641EE4B2234340EABB
:101640000350D06230BD0000FFFEFFFCFDF7FFC07D
:10165000F0B504460D4600200021092D11DDE0689B
:10166000A5F10A0606EB4607072606FA07F18843A6
:10167000A5F10A0606EB460603FA06F10843E06008
:101680000CE0206905EB4507072606FA07F18843B9
:1016900005EB450603FA06F108432061072A0FDA35
:1016A000606B561E06EB86071F2606FA07F1884375
:1016B000561E06EB860605FA06F10843606322E033
:1016C0000D2A0FDA206BD61F06EB86071F2606FAB7
:1016D00007F18843D61F06EB860605FA06F1084394
:1016E000206310E0E06AA2F10D0606EB86071F26D4
:1016F00006FA07F18843A2F10D0606EB860605FA05
:1017000006F10843E062F0BD816841F080418160EC
:10171000704700210160017141718160C160016108
:1017200001210175704700001CB50121022005F060
:1017300003FE012000908DF8040000208DF80600C3
:1017400002208DF805008DF807006946024800F078
:1017500079FA00F003F81CBD0004024010B5012125
:10176000034800F0DAFA00200249087010BD0000BA
:10177000000402402A00002000BFFEE710B500244C
:101780001448006820F440201249086008460068A8
:10179000086004E0601CC4B2012006F015FC0E488D
:1017A000006808B1642CF5DB642C01DB012010BD5E
:1017B000002404E0601CC4B2012006F005FC0648C9
:1017C000006808B9642CF5DB642C01DB0120EEE72E
:1017D0000020ECE700180240240243421CB501211E
:1017E000402005F0A9FD4FF40070009001208DF815
:1017F000040000208DF8060002208DF8050001206D
:101800008DF807006946044800F01CFA00F068F8FB
:10181000FFF7B4FF1CBD00000018024010B5002403
:1018200004E0601CC4B2012006F0CEFB0D48006845
:1018300008B1642CF5DB002404E0601CC4B2012074
:1018400006F0C2FB0748006808B9642CF5DB2820C5
:1018500006F0BAFB0348006808B1012010BD002063
:10186000FCE700002402434270B50024002506E096
:101870006006040EFFF7D2FF0443681CC5B2082DB2
:10188000F6DB204670BD7CB505460E4600F028F814
:10189000FFF774FFF8B9002405E0FFF7E5FF0DF846
:1018A0000400601CC4B2052CF7DB9DF800009DF815
:1018B000011008449DF8021008449DF803100844E4
:1018C0009DF80410884208D19DF8000030709DF802
:1018D0000200287001E001207CBD0020FCE7000030
:1018E00010B50C48006820F440200A4908600846FA
:1018F000006840F480200860002007490860142038
:1019000006F046FB01200549C1F8A4021E2006F09E
:101910005BFB10BD00180240A4024342000043429A
:101920007047000051B18200A2F1C042126842F03B
:1019300001038200A2F1C042136009E08200A2F11B
:10194000C0421268034B1A408300A3F1C0431A60DF
:1019500070470000FEFF0F00D0E901121143C2687A
:101960001143026911434269114382691143C269FB
:101970001143026A1143426A1143826A1143C26AE7
:101980001143026B114302689200A2F1C042116040
:10199000816808290BD101688900A1F1C04109685B
:1019A00041F0400201688900A1F1C0410A60416B29
:1019B0000968426B526841EA0211426B926841EA3F
:1019C0000221426B928941EA0241426B128A41EA4A
:1019D0000251426B127D41EA0261426B92691143EE
:1019E0000268521C9200A2F1C0421160C16AB1F5B6
:1019F000804F1BD1816B0968826B526841EA0211EA
:101A0000826B926841EA0221826B128A41EA02519A
:101A1000826B127D41EA0261826B92691143026816
:101A20009200A2F1C042C2F8041107E06FF07042C8
:101A300001688900A1F1C041C1F80421704700008C
:101A400010B50723012205210A48FFF701FE0221F4
:101A50000848FFF798FD0748FFF756FE00BF022130
:101A60000448FFF7C1FD0028F9D00248FFF7B8FD90
:101A700010BD00000020014070B50446002604B9E6
:101A80000124002504E0FFF7DBFF0644681CC5B213
:101A9000A542F8DBB6FBF4F080B270BD00B58DB0A6
:101AA0000121032005F048FC0121080205F074FC27
:101AB00002200B9001208DF8300000208DF83200BC
:101AC00002208DF8310000208DF833000BA91B484F
:101AD00000F0B8F80221194800F01FF920200B90FF
:101AE00003208DF8300000208DF833000BA9144836
:101AF00000F0A8F801A8FFF76DFD002001904FF459
:101B00008030029000200390049001A8FFF74AFD66
:101B100005A8FFF7FEFD002005908DF8190009903B
:101B200001208DF8280005A90648FFF767FD01216F
:101B30000448FFF72BFD0DB000BD0000000402407B
:101B4000000002400020014070B52DED028B0446DC
:101B50009FED0D0AB0EE408A04B90124002507E08C
:101B600000F014F830EE080AB0EE408A681CC5B2E6
:101B7000A542F5DB00EE104AF8EE400A88EE200A96
:101B8000BDEC028B70BD00000000000010B52DED13
:101B9000028B00F03BF8F0EE408A9FED0B0AF4EE6A
:101BA000C08AF1EE10FA08DD9FED070A38EEC00A90
:101BB000DFED060A20EE208A01E09FED058AB0EEF7
:101BC000480ABDEC028B10BD0000A543CDCC4C3EB5
:101BD0000000000010B502210B4800F0A0F84FF4FF
:101BE0008C7006F0F1F90A20FFF746FF0446282022
:101BF00006F0EAF90221044800F08FF842F2D050D2
:101C000006F0E2F9204610BD0004024010B52DEDAB
:101C1000028BFFF7DFFF08EE100AB8EE480ADFED8F
:101C2000070A20EE200A9FED061AC0EE010AB2EE66
:101C3000060A20EE800ABDEC028B10BD00404E4526
:101C400000008045F0B50A4600210023002400BFB3
:101C50003DE0012505FA01F3156805EA03049C42FD
:101C600034D105684F000326BE40B54305601579A1
:101C70004E00B5400668354305601579012D02D048
:101C80001579022D16D185684F000326BE40B54355
:101C9000856055794E00B540866835438560456856
:101CA00001268E40B5434560456896798E40B6B2B0
:101CB00035434560C5684F000326BE40B543C56047
:101CC000D5794E00B540C6683543C560491C10291A
:101CD000BFD3F0BDF0B5002300244D07ED0E02FA8E
:101CE00005F3CE1000F1200555F826504E07F70EEB
:101CF0000F26BE40B543CF1000F1200646F827500E
:101D0000CE1000F1200555F8265045EA0304CE1008
:101D100000F1200545F82640F0BD4183704701835E
:101D2000704700BFFEE7000070B5044600261A4861
:101D30000588408845431848808846F60401884253
:101D400005D01548808849F28141884216D1124851
:101D50008079012812D100200F4988712A204881FA
:101D60002B2088810021084604F0D8FD01200A4973
:101D700088712B2048812A20888103E000210846B1
:101D800004F0CCFD05F0BEF8002602E00348048014
:101D9000761CAE42FAD370BDF40000208000006CC7
:101DA00010B50446002C7DD1A0498871F020088030
:101DB0004FF4A07048800846808849F2413188423B
:101DC00028D09A48808846F60401884222D0974855
:101DD000808845F2103188421CD09448808849F2AE
:101DE0008141884216D09148808847F289718842A3
:101DF00010D08E48808849F2864188420AD08B48AC
:101E00008088891C884205D08848808847F296716E
:101E1000884230D12C20854908812A2048812B20F6
:101E200088810846808846F6040188421BD07F4896
:101E3000808845F21031884215D07C48808849F26C
:101E4000814188420FD079488088491D88420AD054
:101E500076488088891C884205D07448808847F27B
:101E60009671884206D14FF4A070704908804FF4F3
:101E7000F0704880D5E06D48808845F21051884266
:101E800011D14FF43050694908814FF428504881EE
:101E90004FF42C5088814FF4F07008804FF4487054
:101EA0004880BEE01BE06148808841F663118842AB
:101EB0000DD12C205D4908812B2048812A20888162
:101EC0004FF4F07008804FF448704880A9E0222059
:101ED000564908812020488121208881A1E00120E5
:101EE000524988714FF4A0700880F020488008465D
:101EF000808849F2413188421CD04C48808845F2A4
:101F00001031884216D04948808847F2897188424A
:101F100010D04648808849F2864188420AD043481A
:101F20008088891C884205D04048808847F2967195
:101F3000884207D12C203D4908812A2048812B2046
:101F4000888145E03948808846F60401884205D0FA
:101F50003648808849F28141884207D12C20334994
:101F600008812B2048812A20888131E02F488088F1
:101F700045F21051884210D14FF430502B4908815E
:101F80004FF4285048814FF42C5088814FF448700A
:101F900008804FF4F07048801AE02448808841F6A9
:101FA000631188420DD12C20204908812A204881C4
:101FB0002B2088814FF4487008804FF4F0704880DF
:101FC00006E02220194908812120488120208881AB
:101FD0001648808846F6040188421BD01348808842
:101FE00045F21031884215D01048808849F281416D
:101FF00088420FD00D488088491D88420AD00B487E
:102000008088891C884205D00848808847F29671EC
:10201000884206D14FF4F070044908804FF4A07054
:102020004880002004F0D0FA10BD0000F400002029
:1020300070B504460D4616468148808849F2413104
:10204000884211D07E48808845F2103188420BD0FA
:102050007B48808847F28971884205D0784880881B
:1020600047F29671884214D17549488904F03EFFC1
:10207000201204F02FFFE0B204F02CFF7049888991
:1020800004F034FF281204F025FFE8B204F022FF28
:10209000CCE06B48808845F21051884220D16849D5
:1020A000488904F023FF201204F014FF6449498991
:1020B000491C88B204F01AFFE0B204F00BFF60493B
:1020C000888904F013FF281204F004FF5C49898911
:1020D000491C88B204F00AFFE8B204F0FBFEA5E058
:1020E0005748808841F66311884228D15448807946
:1020F00020B953480088401E001B84B250494889CB
:1021000004F0F4FE201204F0E5FEE0B204F0E2FE7A
:10211000201204F0DFFEE0B204F0DCFE48498889BA
:1021200004F0E4FE281204F0D5FEE8B204F0D2FE7A
:10213000281204F0CFFEE8B204F0CCFE76E040486E
:10214000808846F60401884205D03D48808849F2DF
:10215000814188421DD13A488079012804D138480C
:102160000088401E001B84B23549488904F0BEFE39
:10217000201204F0AFFEE0B204F0ACFE30498889D2
:1021800004F0B4FE281204F0A5FEE8B204F0A2FEAA
:102190004CE02B48808849F28641884204D0284888
:1021A0008088891C88422ED12549488904F09EFEEA
:1021B000201204F08FFEE0B204F08CFE2049098862
:1021C000491EC1F30F2004F085FE1D490978491E00
:1021D000C8B204F07FFE1A49888904F087FE2812ED
:1021E00004F078FEE8B204F075FE15494988491EEE
:1021F000C1F30F2004F06EFE11498978491EC8B260
:1022000004F068FE12E00E488079012804D10C48E1
:102210000088401E001B84B209494889214604F009
:102220007BFE07498889294604F076FE0448008928
:10223000044908804FF0D840A0F8806070BD0000CD
:10224000F40000207E00006C2DE9FC4F05460E4690
:1022500017469846DDF82C90002001902A48808887
:1022600046F60401884205D02748808849F281411A
:10227000884229D124488079012825D1AB463546AA
:1022800021480088C01B401E86B247461E48008871
:10229000A0EB0B00401E1FFA80F800201A4988713D
:1022A0002A2048812B20888143463A4631462846D9
:1022B000CDF80090FFF7C8FF0120134988712B204B
:1022C00048812A2088811DE0781B401C80B2019043
:1022D000344615E02146284604F020FB04F012FEA7
:1022E0004FF0000A07E04FF0D840A0F880900AF1C4
:1022F00001001FFA80FA01988245F4DB601C84B269
:102300004445E7DDBDE8FC8FF400002000B5A1B036
:102310000020209001217A2005F00EF801210846C6
:1023200005F01AF84FF400401E9001208DF87C0053
:1023300000208DF87E0002208DF87D0001208DF8B0
:102340007F001EA9FE48FFF77DFC4CF233701E9003
:1023500002208DF87C0000208DF87E0003208DF88F
:102360007D0001208DF87F001EA9F648FFF76AFC6A
:102370004FF680701E9002208DF87C0000208DF8B2
:102380007E0003208DF87D0001208DF87F001EA9BE
:10239000ED48FFF757FC4FF480501E9002208DF857
:1023A0007C0000208DF87E0003208DF87D00012048
:1023B0008DF87F001EA9E548FFF744FC4FF48050DC
:1023C0001E9002208DF87C0000208DF87E000320F6
:1023D0008DF87D0001208DF87F001EA9DC48FFF7F5
:1023E00031FC0C220021D748FFF774FC0C2201219C
:1023F000D448FFF76FFC0C220421D248FFF76AFC97
:102400000C220521CF48FFF765FC0C220821CD489E
:10241000FFF760FC0C220921CA48FFF75BFC0C2285
:102420000A21C848FFF756FC0C220E21C548FFF7C9
:1024300051FC0C220F21C348FFF74CFC0C22072152
:10244000C148FFF747FC0C220821BF48FFF742FCB8
:102450000C220921BC48FFF73DFC0C220A21BA4896
:10246000FFF738FC0C220B21B748FFF733FC0C2296
:102470001146B548FFF72EFC0C220D21B248FFF79C
:1024800029FC0C220E21B048FFF724FC0C220F215E
:10249000AD48FFF71FFC0C221146AC48FFF71AFCB1
:1024A0000C221146AA48FFF715FC0F2008900020C7
:1024B00009903C200A9000200B900C900D900E90FB
:1024C0000920019000200290112003900020049028
:1024D00005900690079006200F9000201090119014
:1024E00010201290002013901590149016901790C1
:1024F0004FF480501890002019904FF480401A90AB
:1025000000201B9008A81C9001A81D900FA8FFF7A1
:1025100023FA01210620FFF705FA322005F038FDE5
:102520000121002004F0F8FC322005F031FD0020EC
:1025300004F00EF88749888008468088FF280ADB67
:10254000084680884FF6FF71884204D08148808811
:10255000B0F5134F7ED1D32004F0C8FC03F0EEFF9A
:102560007C49888003F0EAFF7A49888003F0E6FF1F
:1025700078498880084680884FF6FF7101EA00207C
:102580007449888003F0DAFF7249898808437149E9
:1025900088800846808849F2413188425AD06D4887
:1025A000808849F286418842F8D06A488088891C30
:1025B0008842F3D06748808847F296718842EDD010
:1025C000042004F093FC03F0B9FF6249888003F013
:1025D000B5FF6049888003F0B1FF5E4988800846F6
:1025E00080884FF6FF7101EA00205A49888003F085
:1025F000A5FF58498988084356498880084680883D
:1026000048F25251884203D147F28970514988807B
:102610005048808847F289718842BFD0BF2004F0BB
:1026200065FC03F08BFF4B49888003F087FF494925
:10263000888003F083FF4749888003F07FFF454986
:102640008880084680884FF6FF7101EA00204149E2
:10265000888000E080E003F071FF3E4989880843EC
:102660003C4988800846808846F60401884273D039
:102670003848808849F2814188426DD0D42004F0E6
:1026800035FC03F05BFF3349888003F057FF314985
:10269000888003F053FF2F498880084680884FF6D2
:1026A000FF7101EA00202B49888003F047FF294988
:1026B00089880843274988800846808845F2103178
:1026C000884266D04FF45A4004F010FC03F036FF05
:1026D000204988804FF45B4004F008FC03F02EFF93
:1026E0001C498880084680884FF6FF7101EA002067
:1026F000184988804FF45C4004F0F8FB03F01EFF9B
:102700001449898808431349888008468088B0F5B1
:10271000004F02D145F2105088800E48808845F263
:102720001051884235D0A12004F0E0FB03F006FFF1
:102730000849888003F002FF0649888008460CE0BB
:1027400000040240000C024000100240001402404D
:1027500000180240F40000201BE080884FF6FF7153
:1027600001EA0020FE49888003F0E8FEFC498988E0
:102770000843FB4988800846808845F26171884299
:1027800004D141F66310F649888002E00020F44944
:102790008880F348808849F2413188422ED0F04841
:1027A000808845F21031884228D0ED48808845F273
:1027B0001051884222D0EA48808841F6631188424D
:1027C0001CD0E748808849F28141884216D0E4480D
:1027D000808847F28971884210D0E148808849F2A8
:1027E000864188420AD0DE488088891C884205D00C
:1027F000DB48808847F2967188421DD1D94800682D
:1028000020F00F004FF02041C1F81C010846D0F81D
:102810001C0120F47060C1F81C010846D0F81C01AE
:1028200040F00300C1F81C010846D0F81C0140F438
:102830000070C1F81C0128E0C948808846F60401F0
:10284000884205D0C64880884CF2055188421CD188
:10285000C448006820F00F004FF02041C1F81C016F
:102860000846D0F81C0120F47060C1F81C0108462D
:10287000D0F81C0140F00A00C1F81C010846D0F84D
:102880001C0140F44060C1F81C01B5488188B6A025
:10289000FDF702FDB248808849F2413188427CD17F
:1028A000CF2004F023FB002004F014FBC12004F02F
:1028B00011FB302004F00EFBED2004F017FB642028
:1028C00004F008FB032004F005FB122004F002FBD7
:1028D000812004F0FFFAE82004F008FB852004F0D2
:1028E000F9FA102004F0F6FA7A2004F0F3FACB207B
:1028F00004F0FCFA392004F0EDFA2C2004F0EAFA96
:10290000002004F0E7FA342004F0E4FA022004F096
:10291000E1FAF72004F0EAFA202004F0DBFAEA20DA
:1029200004F0E4FA002004F0D5FA002004F0D2FA12
:10293000C02004F0DBFA1B2004F0CCFAC12004F024
:10294000D5FA012004F0C6FAC52004F0CFFA3020F1
:1029500004F0C0FA302004F0BDFAC72004F0C6FA33
:10296000B72004F0B7FA362004F0C0FA482004F08B
:10297000B1FA3A2004F0BAFA552004F0ABFAB120CB
:1029800004F0B4FA002004F0A5FA1A2004F0A2FA28
:10299000B62004F0ABFA0A2000E099E004F09AFABD
:1029A000A22004F097FAF22004F0A0FA002004F02C
:1029B00091FA262004F09AFA012004F08BFAE02024
:1029C00004F094FA0F2004F085FA2A2004F082FA29
:1029D000282004F07FFA082004F07CFA0E2004F08E
:1029E00079FA082004F076FA542004F073FAA9204A
:1029F00004F070FA432004F06DFA0A2004F06AFA39
:102A00000F2004F067FA002004F064FA002004F0BC
:102A100061FA002004F05EFA002004F05BFAE12085
:102A200004F064FA002004F055FA152004F052FA7C
:102A3000172004F04FFA072004F04CFA112004F09C
:102A400049FA062004F046FA2B2004F043FA5620F7
:102A500004F040FA3C2004F03DFA052004F03AFA74
:102A6000102004F037FA0F2004F034FA3F2004F06D
:102A700031FA3F2004F02EFA0F2004F02BFA2B201D
:102A800004F034FA002004F025FA002004F022FAC1
:102A9000012004F01FFA3F2004F01CFA2A2004F061
:102AA00025FA002004F016FA002004F013FA0020A2
:102AB00004F010FAEF2004F00DFA112004F016FAD9
:102AC000782005F065FA292004F010FA03F026BDFD
:102AD0002348808846F6040188427DD1112004F005
:102AE00005FA142005F054FAD02004F0FFF907206D
:102AF00004F0F0F9422004F0EDF91D2004F0EAF9A9
:102B0000D12004F0F3F9002004F0E4F91A2004F0D5
:102B1000E1F9092004F0DEF9D22004F0E7F9012000
:102B200004F0D8F9222004F0D5F9C02004F0DEF931
:102B3000102004F0CFF93B2004F0CCF9002004F081
:102B4000C9F9022004F0C6F9112004F0C3F9C52028
:102B500004F0CCF9032004F0BDF9C8200CE000001B
:102B6000F40000201C0100A0204C43442049443ABA
:102B700025780D0A0000000004F0B8F9002004F0E8
:102B8000A9F9252004F0A6F9212004F0A3F90520D5
:102B900004F0A0F9002004F09DF90A2004F09AF94D
:102BA000652004F097F9252004F094F9772004F0CB
:102BB00091F9502004F08EF90F2004F08BF90020D9
:102BC00004F088F9F82004F091F9012004F082F96A
:102BD000FE2004F08BF900E039E0002004F07AF9DF
:102BE000022004F077F9202004F080F9362004F068
:102BF0007DF9082004F06EF93A2004F077F95520A9
:102C000004F068F92B2004F071F9002004F062F957
:102C1000002004F05FF9012004F05CF93F2004F08B
:102C200059F92A2004F062F9002004F053F9002039
:102C300004F050F9012004F04DF9DF2004F04AF9C6
:102C4000782005F0A5F9292004F050F93EE7FE4868
:102C5000808847F2897188427ED1112004F046F9BC
:102C6000782005F095F9362004F040F9002004F0B2
:102C700031F93A2004F03AF9052004F02BF9B2209A
:102C800004F034F90C2004F025F90C2004F022F9AA
:102C9000002004F01FF9332004F01CF9332004F065
:102CA00019F9B72004F022F9352004F013F9BB20FC
:102CB00004F01CF9322004F00DF9C02004F016F9DC
:102CC0000C2004F007F9C22004F010F9012004F0F0
:102CD00001F9C32004F00AF9102004F0FBF8C42025
:102CE00004F004F9202004F0F5F8C62004F0FEF802
:102CF0000F2004F0EFF8D02004F0F8F8A42004F03E
:102D0000E9F8A12004F0E6F8E02004F0EFF8D02084
:102D100004F0E0F8002004F0DDF8022004F0DAF816
:102D2000072004F0D7F80A2004F0D4F8282004F093
:102D3000D1F8322004F0CEF8442004F0CBF8422041
:102D400004F0C8F8062004F0C5F80E2004F0C2F81C
:102D5000122004F0BFF800E054E0142004F0BAF8A8
:102D6000172004F0B7F8E12004F0C0F8D02004F0F8
:102D7000B1F8002004F0AEF8022004F0ABF8072010
:102D800004F0A8F80A2004F0A5F8282004F0A2F81E
:102D9000312004F09FF8542004F09CF8472004F000
:102DA00099F80E2004F096F81C2004F093F81720F0
:102DB00004F090F81B2004F08DF81E2004F08AF82F
:102DC0002A2004F093F8002004F084F8002004F096
:102DD00081F8002004F07EF8EF2004F07BF82B202F
:102DE00004F084F8002004F075F8002004F072F874
:102DF000012004F06FF83F2004F06CF8292004F063
:102E000075F863E69048808849F2814188427CD118
:102E1000112004F06BF8142005F0BAF8D02004F06B
:102E200065F8072004F056F8422004F053F81C20FF
:102E300004F050F8D12004F059F8002004F04AF8CA
:102E4000102004F047F8102004F044F8D22004F0D9
:102E50004DF8012004F03EF8112004F03BF8E42086
:102E600004F044F8A02004F035F8F32004F03EF814
:102E7000002004F02FF82A2004F02CF8C02004F0E1
:102E800035F8102004F026F83B2004F023F8002049
:102E900004F020F8022004F01DF8112004F01AF8C4
:102EA000C52004F023F8032004F014F8C82004F02F
:102EB0001DF8002004F00EF8352004F00BF8232054
:102EC00004F008F8072004F005F8002004F002F8E8
:102ED000042003F0FFFF452003F0FCFF532003F024
:102EE000F9FF772003F0F6FF702003F0F3FF0020D6
:102EF00003F0F0FF042003F0EDFF362003F0F6FFAF
:102F00000A2003F0E7FF3A2000E02FE003F0EEFF95
:102F1000552003F0DFFF2A2003F0E8FF002003F034
:102F2000D9FF002003F0D6FF012003F0D3FF3F209C
:102F300003F0D0FF2B2003F0D9FF002003F0CAFFDD
:102F4000002003F0C7FF012003F0C4FFE02003F0DE
:102F5000C1FF782005F01CF8212003F0C7FF2920CD
:102F600003F0C4FF2C2003F0C1FFAFE53648808892
:102F700049F28641884269D1F22003F0B7FF182058
:102F800003F0A8FFA32003F0A5FF122003F0A2FF87
:102F9000022003F09FFFB22003F09CFF122003F0F9
:102FA00099FFFF2003F096FF102003F093FF00200D
:102FB00003F090FFF82003F099FF212003F08AFF2F
:102FC000042003F087FFF92003F090FF002003F0B6
:102FD00081FF082003F07EFF362003F087FF0820E2
:102FE00003F078FF3A2003F081FF052003F072FF21
:102FF000B42003F07BFF012003F06CFFB62003F048
:1030000075FF022003F066FF222003F063FFC1205A
:1030100003F06CFF412003F05DFFC52003F066FF65
:10302000002003F057FF072003F054FFE02003F0D7
:103030005DFF0F2003F04EFF1F2003F04BFF1C200D
:1030400003F048FF0C2002E0F40000205CE003F0F5
:1030500041FF0F2003F03EFF082003F03BFF482014
:1030600003F038FF982003F035FF372003F032FFDC
:103070000A2003F02FFF132003F02CFF042003F09D
:1030800029FF112003F026FF0D2003F023FF00206D
:1030900003F020FFE12003F029FF0F2003F01AFFC7
:1030A000322003F017FF2E2003F014FF0B2003F053
:1030B00011FF0D2003F00EFF052003F00BFF47204A
:1030C00003F008FF752003F005FF372003F002FF2F
:1030D000062003F0FFFE102003F0FCFE032003F0A7
:1030E000F9FE242003F0F6FE202003F0F3FE00207A
:1030F00003F0F0FE112003F0F9FE782004F048FF01
:10310000292003F0F3FEE1E4FE48808849F288417B
:1031100088427CD1E02003F0E9FE002003F0DAFED3
:103120001B2003F0D7FE1F2003F0D4FE0A2003F07B
:10313000D1FE0F2003F0CEFE072003F0CBFE3C2093
:1031400003F0C8FE382003F0C5FE492003F0C2FE9C
:10315000002003F0BFFE0C2003F0BCFE0B2003F0A8
:10316000B9FE152003F0B6FE172003F0B3FE0F20C2
:1031700003F0B0FEE12003F0B9FE002003F0AAFE48
:10318000192003F0A7FE1B2003F0A4FE042003F087
:10319000A1FE0F2003F09EFE042003F09BFE3020D2
:1031A00003F098FE322003F095FE402003F092FEDB
:1031B000012003F08FFE072003F08CFE0E2003F0A9
:1031C00089FE2B2003F086FE322003F083FE0F20C1
:1031D00003F080FEF82003F089FE212003F07AFE40
:1031E000042003F077FEF92003F080FE002003F0B6
:1031F00071FE082003F06EFE362003F077FE0820F3
:1032000003F068FE3A2003F071FE052000E029E09B
:1032100003F060FEB42003F069FE012003F05AFEC3
:10322000B62003F063FE022003F054FE222003F0D8
:1032300051FEC12003F05AFE412003F04BFEC52091
:1032400003F054FE002003F045FE072003F042FE89
:10325000112003F04BFE782004F09AFE292003F0A1
:1032600045FE33E4A748808847F2967188427CD1B6
:10327000112003F03BFE782004F08AFE362003F094
:1032800035FE482003F026FE3A2003F02FFE55209D
:1032900003F020FEF02003F029FEC32003F01AFE05
:1032A000F02003F023FE962003F014FEB42003F078
:1032B0001DFE012003F00EFEB62003F017FE0A20CB
:1032C00003F008FEA22003F005FEB72003F00EFE77
:1032D000C62003F0FFFDB92003F008FE022003F032
:1032E000F9FDE02003F0F6FDC02003F0FFFD802093
:1032F00003F0F0FD162003F0EDFDC12003F0F6FD14
:10330000192003F0E7FDC22003F0F0FDA72003F031
:10331000E1FDC52003F0EAFD162003F0DBFDE82007
:1033200003F0E4FD402003F0D5FD8A2003F0D2FD38
:10333000002003F0CFFD002003F0CCFD292003F096
:10334000C9FD192003F0C6FDA52003F0C3FD3320FD
:1033500003F0C0FDE02003F0C9FDF02003F0BAFD4A
:10336000072003F0B7FD0D2000E065E003F0B2FD9B
:10337000042003F0AFFD052003F0ACFD142003F0A2
:10338000A9FD362003F0A6FD542003F0A3FD4C2038
:1033900003F0A0FD382003F09DFD132003F09AFDFB
:1033A000142003F097FD2E2003F094FD342003F049
:1033B00091FDE12003F09AFDF02003F08BFD102039
:1033C00003F088FD142003F085FD0E2003F082FD3C
:1033D0000C2003F07FFD082003F07CFD352003F076
:1033E00079FD442003F076FD4C2003F073FD262088
:1033F00003F070FD102003F06DFD122003F06AFD54
:103400002C2003F067FD322003F064FDF02003F070
:103410006DFD3C2003F05EFDF02003F067FD6920A8
:1034200003F058FD782004F0B3FD212003F05EFD89
:10343000292003F05BFD09E43248808845F2103111
:10344000884240F07C87ED2003F050FD012003F01E
:1034500041FDFE2003F03EFDEE2003F047FDDE209F
:1034600003F038FD212003F035FDF12003F03EFD8F
:10347000012003F02FFDDF2003F038FD102003F0C2
:1034800029FDC42003F032FD8F2003F023FDC62068
:1034900003F02CFD002003F01DFDE22003F01AFDD7
:1034A000E22003F017FDE22003F014FDBF2003F03B
:1034B0001DFDAA2003F00EFDB02003F017FD0D2026
:1034C00003F008FD002003F005FD0D2003F002FDD0
:1034D000002003F0FFFC112003F0FCFC002003F0AF
:1034E000F9FC192003F0F6FC002003F0F3FC212086
:1034F00003F0F0FC002003F0EDFC2D2003F0EAFCCB
:10350000002001E0F400002003F0E4FC3D2003F083
:10351000E1FC002003F0DEFC5D2003F0DBFC00207A
:1035200003F0D8FC5D2003F0D5FC002003F0D2FCB2
:10353000B12003F0DBFC802003F0CCFC002003F082
:10354000C9FC8B2003F0C6FC002003F0C3FC9620CE
:1035500003F0C0FC002003F0BDFCB22003F0C6FC69
:10356000002003F0B7FC002003F0B4FC022003F0BD
:10357000B1FC002003F0AEFC032003F0ABFC002004
:1035800003F0A8FCB32003F0B1FC002003F0A2FC80
:10359000002003F09FFC002003F09CFC002003F0BF
:1035A00099FC002003F096FC002003F093FC00201F
:1035B00003F090FC002003F08DFC002003F08AFC57
:1035C000002003F087FC002003F084FC002003F0BF
:1035D00081FC002003F07EFC002003F07BFC002037
:1035E00003F078FC002003F075FC002003F072FC6F
:1035F000002003F06FFC002003F06CFC002003F0BF
:1036000069FC002003F066FC002003F063FC00204E
:1036100003F060FC002003F05DFCB42003F066FCC6
:103620008B2003F057FC002003F054FC962003F09D
:1036300051FC002003F04EFCA12003F04BFC0020C5
:1036400003F048FCB52003F051FC022003F042FCDB
:10365000002003F03FFC032003F03CFC002003F0BB
:1036600039FC042003F036FC002003F033FCB620C4
:1036700003F03CFC002003F02DFC002003F02AFCAA
:10368000B72003F033FC002003F024FC002003F0FB
:1036900021FC3F2003F01EFC002003F01BFC5E20F9
:1036A00003F018FC002003F015FC642003F012FC6A
:1036B000002003F00FFC8C2003F00CFC002003F032
:1036C00009FCAC2003F006FC002003F003FCDC2026
:1036D00003F000FC002003F0FDFB702003F0FAFB78
:1036E000002003F0F7FB902003F0F4FB002003F030
:1036F000F1FBEB2003F0EEFB002003F0EBFBDC2002
:1037000003F0E8FB002003F0E5FBB82003F0EEFB3C
:10371000002003F0DFFB002003F0DCFB002003F0BF
:10372000D9FB002003F0D6FB002003F0D3FB0020E0
:1037300003F0D0FB002003F0CDFB002003F0CAFB18
:10374000BA2003F0D3FB242003F0C4FB002003F0D5
:10375000C1FB002003F0BEFB002003F0BBFBC12037
:1037600003F0C4FB202003F0B5FB002003F0B2FB04
:10377000542003F0AFFB002003F0ACFBFF2003F06C
:10378000A9FB002003F0A6FBC22003F0AFFB0A2038
:1037900003F0A0FB002003F09DFB042003F09AFB44
:1037A000002003F097FBC32003F0A0FB3C2003F0B4
:1037B00091FB002003F08EFB3A2003F08BFB0020EE
:1037C00003F088FB392003F085FB002003F082FB27
:1037D000372003F07FFB002003F07CFB3C2003F04C
:1037E00079FB002003F076FB362003F073FB00200A
:1037F00003F070FB322003F06DFB002003F06AFB46
:103800002F2003F067FB002003F064FB2C2003F063
:1038100061FB002003F05EFB292003F05BFB00202E
:1038200003F058FB262003F055FB002003F052FB69
:10383000242003F04FFB002003F04CFB242003F076
:1038400049FB002003F046FB232003F043FB00204C
:1038500003F040FB3C2003F03DFB002003F03AFB6B
:10386000362003F037FB002003F034FB322003F056
:1038700031FB002003F02EFB2F2003F02BFB002058
:1038800003F028FB2C2003F025FB002003F022FB93
:10389000292003F01FFB002003F01CFB262003F06F
:1038A00019FB002003F016FB242003F013FB00207B
:1038B00003F010FB242003F00DFB002003F00AFBB3
:1038C000232003F007FB002003F004FBC42003F0D7
:1038D0000DFB622003F0FEFA002003F0FBFA052046
:1038E00003F0F8FA002003F0F5FA842003F0F2FA6E
:1038F000002003F0EFFAF02003F0ECFA002003F0D0
:10390000E9FA182003F0E6FA002003F0E3FAA42015
:1039100003F0E0FA002003F0DDFA182003F0DAFAF1
:10392000002003F0D7FA502003F0D4FA002003F06F
:10393000D1FA0C2003F0CEFA002003F0CBFA1720C6
:1039400003F0C8FA002003F0C5FA952003F0C2FA8C
:10395000002003F0BFFAF32003F0BCFA002003F0CC
:10396000B9FAE62003F0B6FA002003F0B3FAC52056
:1039700003F0BCFA322003F0ADFA002003F0AAFAFB
:10398000442003F0A7FA002003F0A4FA652003F016
:10399000A1FA002003F09EFA762003F09BFA0020A3
:1039A00003F098FA882003F095FA002003F092FAC9
:1039B000C62003F09BFA202003F08CFA002003F0CD
:1039C00089FA172003F086FA002003F083FA012019
:1039D00003F080FA002003F07DFAC72003F086FA96
:1039E000002003F077FA002003F074FA002003F0BF
:1039F00071FA002003F06EFAC82003F077FA002075
:103A000003F068FA002003F065FA002003F062FA80
:103A1000002003F05FFAC92003F068FA002003F0E9
:103A200059FA002003F056FA002003F053FA002060
:103A300003F050FA002003F04DFA002003F04AFA98
:103A4000002003F047FA002003F044FA002003F0BE
:103A500041FA002003F03EFA002003F03BFA002078
:103A600003F038FA002003F035FA002003F032FAB0
:103A7000002003F02FFA002003F02CFAE02003F0DE
:103A800035FA162003F026FA002003F023FA1C2052
:103A900003F020FA002003F01DFA212003F01AFAA7
:103AA000002003F017FA362003F014FA002003F088
:103AB00011FA462003F00EFA002003F00BFA522010
:103AC00003F008FA002003F005FA642003F002FA7C
:103AD000002003F0FFF97A2003F0FCF9002003F046
:103AE000F9F98B2003F0F6F9002003F0F3F999209F
:103AF00003F0F0F9002003F0EDF9A82003F0EAF953
:103B0000002003F0E7F9B92003F0E4F9002003F006
:103B1000E1F9C42003F0DEF9002003F0DBF9CA204C
:103B200003F0D8F9002003F0D5F9D22003F0D2F940
:103B3000002003F0CFF9D92003F0CCF9002003F0E6
:103B4000C9F9E02003F0C6F9002003F0C3F9F3201F
:103B500003F0C0F9002003F0BDF9E12003F0C6F93D
:103B6000162003F0B7F9002003F0B4F91C2003F08D
:103B7000B1F9002003F0AEF9222003F0ABF90020E8
:103B800003F0A8F9362003F0A5F9002003F0A2F90C
:103B9000452003F09FF9002003F09CF9522003F028
:103BA00099F9002003F096F9642003F093F90020BE
:103BB00003F090F97A2003F08DF9002003F08AF9E0
:103BC0008B2003F087F9002003F084F9992003F09B
:103BD00081F9002003F07EF9A82003F07BF9002092
:103BE00003F078F9B92003F075F9002003F072F9B9
:103BF000C42003F06FF9002003F06CF9CA2003F031
:103C000069F9002003F066F9D22003F063F900207F
:103C100003F060F9D82003F05DF9002003F05AF9B1
:103C2000E02003F057F9002003F054F9F32003F0EB
:103C300051F9002003F04EF9E22003F057F9052076
:103C400003F048F9002003F045F90B2003F042F996
:103C5000002003F03FF91B2003F03CF9002003F0A3
:103C600039F9342003F036F9002003F033F9442009
:103C700003F030F9002003F02DF94F2003F02AF96A
:103C8000002003F027F9612003F024F9002003F05D
:103C900021F9792003F01EF9002003F01BF9882098
:103CA00003F018F9002003F015F9972003F012F93A
:103CB000002003F00FF9A62003F00CF9002003F018
:103CC00009F9B72003F006F9002003F003F9C22038
:103CD00003F000F9002003F0FDF8C72003F0FAF824
:103CE000002003F0F7F8D12003F0F4F8002003F0EF
:103CF000F1F8D62003F0EEF8002003F0EBF8DD2019
:103D000003F0E8F8002003F0E5F8F32003F0E2F810
:103D1000002003F0DFF8E32003F0E8F8052003F0CB
:103D2000D9F8002003F0D6F80A2003F0D3F80020D9
:103D300003F0D0F81C2003F0CDF8002003F0CAF8FF
:103D4000332003F0C7F8002003F0C4F8442003F048
:103D5000C1F8002003F0BEF8502003F0BBF80020AB
:103D600003F0B8F8622003F0B5F8002003F0B2F8D1
:103D7000782003F0AFF8002003F0ACF8882003F0BF
:103D8000A9F8002003F0A6F8972003F0A3F800207C
:103D900003F0A0F8A62003F09DF8002003F09AF8A5
:103DA000B72003F097F8002003F094F8C22003F046
:103DB00091F8002003F08EF8C72003F08BF8002064
:103DC00003F088F8D12003F085F8002003F082F892
:103DD000D52003F07FF8002003F07CF8DD2003F00D
:103DE00079F8002003F076F8F32003F073F8002050
:103DF00003F070F8E42003F079F8012003F06AF88A
:103E0000002003F067F8012003F064F8002003F0BD
:103E100061F8022003F05EF8002003F05BF82A202E
:103E200003F058F8002003F055F83C2003F052F856
:103E3000002003F04FF84B2003F04CF8002003F073
:103E400049F85D2003F046F8002003F043F87420A1
:103E500003F040F8002003F03DF8842003F03AF826
:103E6000002003F037F8932003F034F8002003F02B
:103E700031F8A22003F02EF8002003F02BF8B32035
:103E800003F028F8002003F025F8BE2003F022F804
:103E9000002003F01FF8C42003F01CF8002003F0FA
:103EA00019F8CD2003F016F8002003F013F8D32002
:103EB00003F010F8002003F00DF8DD2003F00AF8FD
:103EC000002003F007F8F32003F004F8002003F0CB
:103ED00001F8E52003F00AF8002002F0FBFF0020C3
:103EE00002F0F8FF002002F0F5FF002002F0F2FFE0
:103EF000022002F0EFFF002002F0ECFF292002F088
:103F0000E9FF002002F0E6FF3C2002F0E3FF002082
:103F100002F0E0FF4B2002F0DDFF002002F0DAFFAC
:103F20005D2002F0D7FF002002F0D4FF742002F0E1
:103F3000D1FF002002F0CEFF842002F0CBFF002052
:103F400002F0C8FF932002F0C5FF002002F0C2FF7C
:103F5000A22002F0BFFF002002F0BCFFB32002F05D
:103F6000B9FF002002F0B6FFBE2002F0B3FF002030
:103F700002F0B0FFC42002F0ADFF002002F0AAFF63
:103F8000CD2002F0A7FF002002F0A4FFD32002F012
:103F9000A1FF002002F09EFFDC2002F09BFF00202A
:103FA00002F098FFF32002F095FF002002F092FF4C
:103FB000E62002F09BFF112002F08CFF002002F0AF
:103FC00089FF342002F086FF002002F083FF562094
:103FD00002F080FF002002F07DFF762002F07AFFE1
:103FE000002002F077FF772002F074FF002002F03B
:103FF00071FF662002F06EFF002002F06BFF882048
:1040000002F068FF002002F065FF992002F062FFD5
:10401000002002F05FFFBB2002F05CFF002002F0F6
:1040200059FF992002F056FF002002F053FF66204E
:1040300002F050FF002002F04DFF552002F04AFF31
:10404000002002F047FF552002F044FF002002F05C
:1040500041FF452002F03EFF002002F03BFF4320DD
:1040600002F038FF002002F035FF442002F032FF5A
:10407000002002F02FFFE72002F038FF322002F08C
:1040800029FF002002F026FF552002F023FF002028
:1040900002F020FF762002F01DFF002002F01AFF40
:1040A000662002F017FF002002F014FF672002F0E4
:1040B00011FF002002F00EFF672002F00BFF00202E
:1040C00002F008FF872002F005FF002002F002FF47
:1040D000992002F0FFFE002002F0FCFEBB2002F05F
:1040E000F9FE002002F0F6FE992002F0F3FE002017
:1040F00002F0F0FE772002F0EDFE002002F0EAFE72
:10410000442002F0E7FE002002F0E4FE562002F018
:10411000E1FE002002F0DEFE232002F0DBFE0020A4
:1041200002F0D8FE332002F0D5FE002002F0D2FECD
:10413000452002F0CFFE002002F0CCFEE82002F085
:10414000D5FE002002F0C6FE002002F0C3FE99203A
:1041500002F0C0FE002002F0BDFE872002F0BAFE91
:10416000002002F0B7FE882002F0B4FE002002F02A
:10417000B1FE772002F0AEFE002002F0ABFE66201A
:1041800002F0A8FE002002F0A5FE882002F0A2FEA8
:10419000002002F09FFEAA2002F09CFE002002F008
:1041A00099FEBB2002F096FE002002F093FE9920BB
:1041B00002F090FE002002F08DFE662002F08AFEE2
:1041C000002002F087FE552002F084FE002002F05D
:1041D00081FE552002F07EFE002002F07BFE44208E
:1041E00002F078FE002002F075FE442002F072FE1C
:1041F000002002F06FFE552002F06CFE002002F05D
:1042000069FEE92002F072FEAA2002F063FE00209F
:1042100002F060FE002002F05DFE002002F05AFE77
:10422000002002F063FEAA2002F054FECF2002F02C
:104230005DFE002002F04EFE002002F04BFE00204A
:1042400002F048FE002002F045FE002002F042FE8F
:10425000002002F03FFE002002F03CFE002002F0B1
:1042600039FE002002F036FE002002F033FE00206E
:1042700002F030FE002002F02DFE002002F02AFEA7
:10428000002002F027FE002002F024FE002002F0B1
:1042900021FE002002F01EFEF02002F027FE00208A
:1042A00002F018FE502002F015FE002002F012FE6F
:1042B000002002F00FFE002002F00CFEF32002F0BE
:1042C00015FE002002F006FEF92002F00FFE062087
:1042D00002F000FE102002F0FDFD292002F0FAFDA0
:1042E000002002F0F7FD3A2002F000FE552002F017
:1042F000F1FD112002F0FAFD642003F049FE2920AF
:1043000002F0F4FD352002F0F1FD002002F0E2FDA4
:10431000512002F0EBFDFF2002F0DCFD532002F003
:10432000E5FD2C2002F0D6FD552002F0DFFD8220B5
:1043300002F0D0FD2C2002F0D9FD02F0EFB8FE48CB
:10434000808845F2105188427ED155214FF470404B
:1043500002F0E2FDAA214FF2010002F0DDFD522140
:104360004FF2020002F0D8FD08214FF2030002F0E4
:10437000D3FD01214FF2040002F0CEFD0D214FF4D8
:10438000304002F0C9FD0D214BF2010002F0C4FDE6
:104390000D214BF2020002F0BFFD34214FF43640F4
:1043A00002F0BAFD34214BF2016002F0B5FD342178
:1043B0004BF2026002F0B0FD0D214FF4314002F0EB
:1043C000ABFD0D214BF2011002F0A6FD0D214BF2C9
:1043D000021002F0A1FD34214FF4374002F09CFDA1
:1043E00034214BF2017002F097FD34214BF2027040
:1043F00002F092FD00214FF4324002F08DFD0021C9
:104400004BF2012002F088FD00214BF2022002F065
:1044100083FD24214FF4384002F07EFD24214BF629
:10442000010002F079FD24214BF6020002F074FD38
:1044300001214FF43F4002F06FFD0F214FF4334054
:1044400002F06AFD0F2100E0FEE34BF2013002F0C2
:1044500063FD0F214BF2023002F05EFD34214FF478
:10446000394002F059FD34214BF6011002F054FDA1
:1044700034214BF6021002F04FFD08214FF4354075
:1044800002F04AFD08214BF2015002F045FD0821DF
:104490004BF2025002F040FD03214FF4424002F083
:1044A0003BFD24214FF43A4002F036FD24214BF627
:1044B000012002F031FD24214BF6022002F02CFDF8
:1044C00000214FF43C4002F027FD78214BF60140DB
:1044D00002F022FD00214BF6024002F01DFD0021FA
:1044E0004FF43D4002F018FD78214BF6015002F0E8
:1044F00013FD00214BF6025002F00EFD00214FF497
:104500003E4002F009FD64214BF6016002F004FD1B
:1045100000214FF4514002F0FFFC33214DF2011015
:1045200002F0FAFC00214DF2021002F0F5FC3421F9
:104530004DF2031002F0F0FC00214DF2041002F0E5
:10454000EBFC3A214DF2051002F0E6FC00214DF2A1
:10455000061002F0E1FC4A214DF2071002F0DCFCEB
:1045600000214DF2081002F0D7FC5C214DF2091039
:1045700002F0D2FC00214DF20A1002F0CDFC8121A4
:104580004DF20B1002F0C8FC00214DF20C1002F0AD
:10459000C3FCA6214DF20D1002F0BEFC00214DF22D
:1045A0000E1002F0B9FCE5214DF20F1002F0B4FC40
:1045B00001214DF2101002F0AFFC13214DF2111049
:1045C00002F0AAFC01214DF2121002F0A5FC5421C8
:1045D0004DF2131002F0A0FC01214DF2141002F074
:1045E0009BFC82214DF2151002F096FC01214DF248
:1045F000161002F091FCCA214DF2171002F08CFC4B
:1046000002214DF2181002F087FC00214DF2191022
:1046100002F082FC02214DF21A1002F07DFC012111
:104620004DF21B1002F078FC02214DF21C1002F03A
:1046300073FC34214DF21D1002F06EFC02214DF28C
:104640001E1002F069FC67214DF21F1002F064FC9D
:1046500002214DF2201002F05FFC84214DF2211066
:1046600002F05AFC02214DF2221002F055FCA42166
:104670004DF2231002F050FC02214DF2241002F002
:104680004BFCB7214DF2251002F046FC02214DF201
:10469000261002F041FCCF214DF2271002F03CFC25
:1046A00002214DF2281002F037FCDE214DF22910D4
:1046B00002F032FC02214DF22A1002F02DFCF22110
:1046C0004DF22B1002F028FC02214DF22C1002F0CA
:1046D00023FCFE214DF22D1002F01EFC03214DF2B1
:1046E0002E1002F019FC10214DF22F1002F014FCD4
:1046F00003214DF2301002F00FFC33214DF2311046
:1047000002F00AFC03214DF2321002F005FC6D218B
:104710004DF2331002F000FC00214FF4524002F041
:10472000FBFB33214DF2012002F0F6FB00214DF29C
:10473000022002F0F1FB01E0F400002034214DF2F0
:10474000032002F0E9FB00214DF2042002F0E4FB1B
:104750003A214DF2052002F0DFFB00214DF2062048
:1047600002F0DAFB4A214DF2072002F0D5FB0021CE
:104770004DF2082002F0D0FB5C214DF2092002F03E
:10478000CBFB00214DF20A2002F0C6FB81214DF245
:104790000B2002F0C1FB00214DF20C2002F0BCFB0B
:1047A000A6214DF20D2002F0B7FB00214DF20E20A4
:1047B00002F0B2FBE5214DF20F2002F0ADFB01212A
:1047C0004DF2102002F0A8FB13214DF2112002F04F
:1047D000A3FB01214DF2122002F09EFB54214DF269
:1047E000132002F099FB01214DF2142002F094FBFA
:1047F00082214DF2152002F08FFB01214DF216208F
:1048000002F08AFBCA214DF2172002F085FB02213B
:104810004DF2182002F080FB00214DF2192002F029
:104820007BFB02214DF21A2002F076FB01214DF2B2
:104830001B2002F071FB02214DF21C2002F06CFBE8
:1048400034214DF21D2002F067FB02214DF21E20A3
:1048500002F062FB67214DF21F2002F05DFB022196
:104860004DF2202002F058FB84214DF2212002F06D
:1048700053FB02214DF2222002F04EFBA4214DF207
:10488000232002F049FB02214DF2242002F044FBD8
:10489000B7214DF2252002F03FFB02214DF22620E8
:1048A00002F03AFBCF214DF2272002F035FB022126
:1048B0004DF2282002F030FBDE214DF2292002F0DB
:1048C0002BFB02214DF22A2002F026FBF2214DF2B1
:1048D0002B2002F021FB02214DF22C2002F01CFBC8
:1048E000FE214DF22D2002F017FB03214DF22E2068
:1048F00002F012FB10214DF22F2002F00DFB0321DC
:104900004DF2302002F008FB33214DF2312002F04D
:1049100003FB03214DF2322002F0FEFA6D214DF22D
:10492000332002F0F9FA00214FF4534002F0F4FA78
:1049300033214DF2013002F0EFFA00214DF2023046
:1049400002F0EAFA34214DF2033002F0E5FA0021D8
:104950004DF2043002F0E0FA3A214DF2053002F057
:10496000DBFA00214DF2063002F0D6FA4A214DF270
:10497000073002F0D1FA00214DF2083002F0CCFAF3
:104980005C214DF2093002F0C7FA00214DF20A30E5
:1049900002F0C2FA81214DF20B3002F0BDFA002183
:1049A0004DF20C3002F0B8FAA6214DF20D3002F0B3
:1049B000B3FA00214DF20E3002F0AEFAE5214DF2CD
:1049C0000F3002F0A9FA01214DF2103002F0A4FAE2
:1049D00013214DF2113002F09FFA01214DF21230F5
:1049E00002F09AFA54214DF2133002F095FA0121A7
:1049F0004DF2143002F090FA82214DF2153002F09F
:104A00008BFA01214DF2163002F086FACA214DF2DE
:104A1000173002F081FA02214DF2183002F07CFAD0
:104A200000214DF2193002F077FA02214DF21A30CE
:104A300002F072FA01214DF21B3002F06DFA0221F0
:104A40004DF21C3002F068FA34214DF21D3002F0B4
:104A500063FA02214DF21E3002F05EFA67214DF238
:104A60001F3002F059FA02214DF2203002F054FAC0
:104A700084214DF2213002F04FFA02214DF2223012
:104A800002F04AFAA4214DF2233002F045FA022145
:104A90004DF2243002F040FAB7214DF2253002F0F9
:104AA0003BFA02214DF2263002F036FACF214DF2C8
:104AB000273002F031FA02214DF2283002F02CFAB0
:104AC000DE214DF2293002F027FA02214DF22A3080
:104AD00002F022FAF2214DF22B3002F01DFA0221EF
:104AE0004DF22C3002F018FAFE214DF22D3002F07A
:104AF00013FA03214DF22E3002F00EFA10214DF27E
:104B00002F3002F009FA03214DF2303002F004FA9E
:104B100033214DF2313002F0FFF903214DF23230F2
:104B200002F0FAF96D214DF2333002F0F5F900216F
:104B30004FF4544002F0F0F933214DF2014002F0FD
:104B4000EBF900214DF2024002F0E6F934214DF27A
:104B5000034002F0E1F900214DF2044002F0DCF9DB
:104B60003A214DF2054002F0D7F900214DF20640FE
:104B700002F0D2F94A214DF2074002F0CDF90021AE
:104B80004DF2084002F0C8F95C214DF2094002F0F4
:104B9000C3F900214DF20A4002F0BEF981214DF225
:104BA0000B4002F0B9F900214DF20C4002F0B4F9CB
:104BB000A6214DF20D4002F0AFF900214DF20E405A
:104BC00002F0AAF9E5214DF20F4002F0A5F901210A
:104BD0004DF2104002F0A0F913214DF2114002F005
:104BE0009BF901214DF2124002F096F954214DF249
:104BF000134002F091F901214DF2144002F08CF9BA
:104C000082214DF2154002F087F901214DF2164044
:104C100002F082F9CA214DF2174002F07DF902211B
:104C20004DF2184002F078F900214DF2194002F0DF
:104C300073F902214DF21A4002F06EF901214DF292
:104C40001B4002F069F900E004E302214DF21C4030
:104C500002F062F934214DF21D4002F05DF90221AB
:104C60004DF21E4002F058F967214DF21F4002F04C
:104C700053F902214DF2204002F04EF984214DF209
:104C8000214002F049F902214DF2224002F044F99C
:104C9000A4214DF2234002F03FF902214DF22440BD
:104CA00002F03AF9B7214DF2254002F035F9022120
:104CB0004DF2264002F030F9CF214DF2274002F0AC
:104CC0002BF902214DF2284002F026F9DE214DF2A7
:104CD000294002F021F902214DF22A4002F01CF98C
:104CE000F2214DF22B4002F017F902214DF22C4037
:104CF00002F012F9FE214DF22D4002F00DF90321D0
:104D00004DF22E4002F008F910214DF22F4002F032
:104D100003F903214DF2304002F0FEF833214DF249
:104D2000314002F0F9F803214DF2324002F0F4F87C
:104D30006D214DF2334002F0EFF800214FF4554061
:104D400002F0EAF833214DF2015002F0E5F80021BB
:104D50004DF2025002F0E0F834214DF2035002F01F
:104D6000DBF800214DF2045002F0D6F83A214DF262
:104D7000055002F0D1F800214DF2065002F0CCF8B7
:104D80004A214DF2075002F0C7F800214DF20850B9
:104D900002F0C2F85C214DF2095002F0BDF800218A
:104DA0004DF20A5002F0B8F881214DF20B5002F09A
:104DB000B3F800214DF20C5002F0AEF8A6214DF2EE
:104DC0000D5002F0A9F800214DF20E5002F0A4F8A7
:104DD000E5214DF20F5002F09FF801214DF21050E5
:104DE00002F09AF813214DF2115002F095F80121CA
:104DF0004DF2125002F090F854214DF2135002F08F
:104E00008BF801214DF2145002F086F882214DF208
:104E1000155002F081F801214DF2165002F07CF895
:104E2000CA214DF2175002F077F802214DF21850C6
:104E300002F072F800214DF2195002F06DF80221D3
:104E40004DF21A5002F068F801214DF21B5002F0A9
:104E500063F802214DF21C5002F05EF834214DF24D
:104E60001D5002F059F802214DF21E5002F054F884
:104E700067214DF21F5002F04FF802214DF22050F1
:104E800002F04AF884214DF2215002F045F8022147
:104E90004DF2225002F040F8A4214DF2235002F0CE
:104EA0003BF802214DF2245002F036F8B7214DF2C2
:104EB000255002F031F802214DF2265002F02CF874
:104EC000CF214DF2275002F027F802214DF2285051
:104ED00002F022F8DE214DF2295002F01DF80221E5
:104EE0004DF22A5002F018F8F2214DF22B5002F048
:104EF00013F802214DF22C5002F00EF8FE214DF273
:104F00002D5002F009F803214DF22E5002F004F862
:104F100010214DF22F5001F0FFFF03214DF23050D0
:104F200001F0FAFF33214DF2315001F0F5FF03217A
:104F30004DF2325001F0F0FF6D214DF2335001F08F
:104F4000EBFF00214FF4564001F0E6FF33214DF214
:104F5000016001F0E1FF00214DF2026001F0DCFF91
:104F600034214DF2036001F0D7FF00214DF20460BF
:104F700001F0D2FF3A214DF2056001F0CDFF002192
:104F80004DF2066001F0C8FF4A214DF2076001F0C2
:104F9000C3FF00214DF2086001F0BEFF5C214DF21D
:104FA000096001F0B9FF00214DF20A6001F0B4FF81
:104FB00081214DF20B6001F0AFFF00214DF20C603A
:104FC00001F0AAFFA6214DF20D6001F0A5FF00211E
:104FD0004DF20E6001F0A0FFE5214DF20F6001F0EF
:104FE0009BFF01214DF2106001F096FF13214DF25D
:104FF000116001F091FF01214DF2126001F08CFF70
:1050000054214DF2136001F087FF01214DF214602D
:1050100001F082FF82214DF2156001F07DFF012138
:105020004DF2166001F078FFCA214DF2176001F0D1
:1050300073FF02214DF2186001F06EFF00214DF266
:10504000196001F069FF02214DF21A6001F064FF5E
:1050500001214DF21B6001F05FFF02214DF21C6047
:1050600001F05AFF34214DF21D6001F055FF02217D
:105070004DF21E6001F050FF67214DF21F6001F0FC
:105080004BFF02214DF2206001F046FF84214DF2DA
:10509000216001F041FF02214DF2226001F03CFF4E
:1050A000A4214DF2236001F037FF02214DF224606C
:1050B00001F032FFB7214DF2256001F02DFF0221F2
:1050C0004DF2266001F028FFCF214DF2276001F05C
:1050D00023FF02214DF2286001F01EFFDE214DF278
:1050E000296001F019FF02214DF22A6001F014FF3E
:1050F000F2214DF22B6001F00FFF02214DF22C60E6
:1051000001F00AFFFE214DF22D6001F005FF0321A1
:105110004DF22E6001F000FF10214DF22F6001F0E2
:10512000FBFE03214DF2306001F0F6FE33214DF21B
:10513000316001F0F1FE03214DF2326001F0ECFE2E
:105140006D214DF2336001F0E7FE55214FF47040C0
:1051500001F0E2FEAA214FF2010001F0DDFE522132
:105160004FF2020001F0D8FE08214FF2030001F0D7
:10517000D3FE00214FF2040001F0CEFECC214FF40B
:10518000314001F0C9FE00214BF2011001F0C4FED4
:1051900005214FF4364001F0BFFE70214FF4374037
:1051A00001F0BAFE70214BF2017001F0B5FE012151
:1051B0004FF4384001F0B0FE03214BF6010001F03E
:1051C000ABFE03214BF6020001F0A6FE03214BF6D5
:1051D000030001F0A1FE02214FF43C4001F09CFECF
:1051E00000214BF6014001F097FE00214BF60240F2
:1051F00001F092FED0214FF4494001F08DFE0221D2
:105200004CF6011001F088FE50214CF6021001F01E
:1052100083FE50214CF6031001F07EFE50214CF627
:10522000041001F079FE00214FF4545001F074FE97
:1052300055214FF4685001F06FFE4FF4885001F093
:1052400055FE782002F0C0FE4FF4245001F04EFECF
:1052500001F064B9FE48808849F2253188427DD149
:1052600047F6F001E52001F057FE4FF48071012070
:1052700001F052FE4FF4E061022001F04DFE41F2D8
:105280003001032001F048FE0021042001F044FE1B
:1052900040F20221082001F03FFE0021092001F028
:1052A0003BFE00210A2001F037FE00210C2001F016
:1052B00033FE00210D2001F02FFE00210F2001F010
:1052C0002BFE0021102001F027FE0721112001F004
:1052D00023FE0021122001F01FFE0021132001F007
:1052E0001BFE0021072001F017FE41F29061102003
:1052F00001F012FE40F22721112001F00DFE9D2148
:10530000122001F009FE4FF4C851132001F004FEF1
:105310002521292001F000FE0D212B2001F0FCFDAC
:105320000721302001F0F8FD40F20331312001F077
:10533000F3FD0321322001F0EFFD40F2062135207C
:1053400001F0EAFD0821362001F0E6FD40F20641B9
:10535000372001F0E1FD4FF4417100E058E03820C2
:1053600001F0DAFD0721392001F0D6FD40F202619B
:105370003C2001F0D1FD08213D2001F0CDFD0021B0
:10538000502001F0C9FDEF21512001F0C5FD0021A1
:10539000522001F0C1FD40F23F11532001F0BCFD4D
:1053A0004FF42741602001F0B7FD0121612001F099
:1053B000B3FD00216A2001F0AFFD0021802001F043
:1053C000ABFD0021812001F0A7FD0021822001F02A
:1053D000A3FD0021832001F09FFD0021842001F026
:1053E0009BFD0021852001F097FD1021902001F008
:1053F00093FD4FF4C061922001F08EFD40F2331115
:10540000072001F089FD2221002001F085FD1FE722
:105410008F48808849F2283188427DD141F28F013E
:10542000EC2001F079FD41F23421EF2001F074FD10
:105430004FF48071012001F06FFD4FF4E061022014
:1054400001F06AFD41F23001032001F065FD002109
:10545000042001F061FD40F20221082001F05CFD12
:105460000021092001F058FD00210A2001F054FD1F
:1054700001210C2001F050FD00210D2001F04CFD18
:1054800000210F2001F048FD0021102001F044FD13
:105490000721112001F040FD0021122001F03CFD08
:1054A0000021132001F038FD0121072001F034FD17
:1054B000322002F06DFD41F29041102001F02CFDF0
:1054C00040F22721112001F027FD322002F060FD7B
:1054D0008A21122001F020FD322002F059FD4FF404
:1054E000D051132001F018FD0621292001F014FDF0
:1054F0000D212B2001F010FD322002F049FD00218A
:10550000202001F009FD0021212001F005FD3220BD
:1055100002F03EFD002100E075E0302001F0FCFCCF
:1055200040F20461312001F0F7FC40F205313220F5
:1055300001F0F2FC0021352001F0EEFC40F60941BB
:10554000362001F0E9FC4FF40171372001F0E4FC52
:1055500040F20131382001F0DFFC40F207713920C0
:1055600001F0DAFC00213C2001F0D6FC40F60A21D3
:105570003D2001F0D1FC322002F00AFD0021502034
:1055800001F0CAFCEF21512001F0C6FC002152209D
:1055900001F0C2FC40F23F11532001F0BDFC4FF47A
:1055A0002741602001F0B8FC0121612001F0B4FC2A
:1055B00000216A2001F0B0FC0021802001F0ACFC49
:1055C0000021812001F0A8FC0021822001F0A4FC30
:1055D0000021832001F0A0FC0021842001F09CFC2C
:1055E0000021852001F098FC1021902001F094FC0E
:1055F0004FF4C061922001F08FFC40F2331107207C
:1056000001F08AFC24E61248808849F22031884261
:105610007ED10021084601F07FFC4FF4807101200B
:1056200001F07AFC4FF4E061022001F075FC41F2D8
:105630003001032001F070FC0021042001F06CFC1B
:1056400040F20221082001F067FC0021092001E05E
:10565000F400002001F060FC00210A2001F05CFC55
:1056600001210C2001F058FC00210D2001F054FC18
:1056700000210F2001F050FC322002F089FC40F2A2
:105680000111072001F048FC322002F081FC4FF4A8
:105690008651102001F040FC0721112001F03CFC54
:1056A0004FF48871122001F037FC4FF43061132061
:1056B00001F032FC0021292001F02EFC44F21001FF
:1056C0002B2001F029FC0021502001F025FCEF21C6
:1056D000512001F021FC0021522001F01DFC40F27C
:1056E0003F11532001F018FC4FF41C51602001F0D1
:1056F00013FC0121612001F00FFC00216A2001F060
:105700000BFC0021802001F007FC0021812000E03B
:1057100030E001F001FC0021822001F0FDFB0021BE
:10572000832001F0F9FB0021842001F0F5FB00212A
:10573000852001F0F1FB1021902001F0EDFB00210C
:10574000922001F0E9FB0121932001F0E5FB4FF4E9
:105750008871952001F0E0FB0021972001F0DCFB2F
:105760000021982001F0D8FB40F27311072001F0CE
:10577000D3FB6DE5FE48808849F2313188427DD106
:1057800041F21401E72001F0C7FB4FF480710120C2
:1057900001F0C2FB4FF40071022001F0BDFB41F2A9
:1057A0003801032001F0B8FB40F20221082001F08B
:1057B000B3FB0021092001F0AFFB00210A2001F01A
:1057C000ABFB00210C2001F0A7FB00210D2001F014
:1057D000A3FB00210F2001F09FFB0021102001F00E
:1057E0009BFB0721112001F097FB0021122001F003
:1057F00093FB0021132001F08FFBC82002F0C8FBAF
:1058000041F29061102001F087FB40F22721112026
:1058100001F082FB322002F0BBFB0C21122001F0D0
:105820007BFB322002F0B4FB4FF40061132001F047
:1058300073FB1121292001F06FFB0B212B2001F0BC
:105840006BFB322002F0A4FB0021202001F064FB5E
:1058500040F23F11212001F05FFB0021302001F0D8
:105860005BFB4FF48371312001F056FB00213220A5
:1058700001F052FB4FF40171352000E064E001F0CB
:105880004BFB41F20A61362001F046FB40F2077102
:10589000372001F041FB4FF48371382001F03CFBCD
:1058A00040F20771392001F037FB40F202413C2001
:1058B00001F032FB40F60F413D2001F02DFB0021AD
:1058C000502001F029FBEF21512001F025FB0021A0
:1058D000522001F021FB40F23F11532001F01CFB4C
:1058E0004FF41C51602001F017FB0121612001F0F1
:1058F00013FB00216A2001F00FFB0021802001F042
:105900000BFB0021812001F007FB0021822001F028
:1059100003FB0021832001F0FFFA0021842001F025
:10592000FBFA0021852001F0F7FA1021902001F008
:10593000F3FA4FF4C061922001F0EEFA40F2331115
:10594000072001F0E9FA83E48948808845F208419C
:1059500088427DD14FF48071012001F0DDFA4FF4CF
:10596000E061022001F0D8FA41F23001032001F099
:10597000D3FA0021042001F0CFFA40F207210820D9
:1059800001F0CAFA0021092001F0C6FA00210A201C
:1059900001F0C2FA00210C2001F0BEFA00210D2016
:1059A00001F0BAFA00210F2001F0B6FA142002F03B
:1059B000EFFA41F2B061102001F0AEFA012111209E
:1059C00001F0AAFA0121172001F0A6FA4FF49C7108
:1059D000122001F0A1FA4FF40061132001F09CFAAB
:1059E0000921292001F098FA09212A2001F094FACE
:1059F0000021A42001F090FA0021502001F08CFA3F
:105A0000EF21512001F088FA0021522001F084FAA0
:105A100040F23F11532001F07FFA4FF41C516020F7
:105A200001F07AFA0121612001F076FA00216A2062
:105A300001F072FA0021802001F06EFA002181202D
:105A400001F06AFA0021822001F066FA002100E0EC
:105A500024E0832001F060FA0021842001F05CFA48
:105A60000021852001F058FA1321902001F054FA0A
:105A70000021922001F050FA0321932001F04CFA0A
:105A80004FF48871952001F047FA40F27311072016
:105A900001F042FA322002F07BFAB8E43448808800
:105AA00041F2055188427DD10021072001F034FAEE
:105AB000322002F06DFA4FF48E71122001F02CFAB0
:105AC0000121A42001F028FA0F21082001F024FA76
:105AD00008210A2001F020FA08210D2001F01CFA0B
:105AE00040F20771302001F017FA0721312001F050
:105AF00013FA40F20361322001F00EFA4FF4E06134
:105B0000332001F009FA40F20221342001F004FAB6
:105B10000221352001F000FA41F60F71362001F024
:105B2000FBF940F20771372001F0F6F90021382027
:105B300001F0F2F90021392001F0EEF940F207718D
:105B40003A2001F0E9F900213B2001F0E5F90721B5
:105B50003C2001F0E1F900213D2001F0DDF9322087
:105B600002F016FA0121072001F0D6F9012101E027
:105B7000F4000020172001F0CFF9322002F008FADB
:105B80004FF4BD51102001F0C7F940F21721112048
:105B900001F0C2F94FF48F71122001F0BDF94FF4FA
:105BA000706100E098E0132001F0B6F900212A208E
:105BB00001F0B2F90A21292001F0AEF94FF49F71EA
:105BC000122001F0A9F90021502001F0A5F9EF21E0
:105BD000512001F0A1F90021522001F09DF940F27D
:105BE0003F11532001F098F94FF41C51602001F04F
:105BF00093F90121612001F08FF900216A2001F061
:105C00008BF90021802001F087F90021812001F02B
:105C100083F90021822001F07FF90021832001F027
:105C20007BF90021842001F077F90021852001F023
:105C300073F91321902001F06FF94FF44071922015
:105C400001F06AF90521932001F066F90021952001
:105C500001F062F90021972001F05EF900219820FF
:105C600001F05AF94FF48071012001F055F94FF419
:105C7000E061022001F050F941F23801032001F007
:105C80004BF90021042001F047F900210C2001F01C
:105C900043F900210F2001F03FF90021202001F0FD
:105CA0003BF90021212001F037F92121072001F0E3
:105CB00033F9142002F06CF96121072001F02CF96E
:105CC000142002F065F940F27311072001F024F965
:105CD000142002F05DF995E4FE4880884BF20551EE
:105CE00088427CD10021084601F016F900210846BF
:105CF00001F012F90021084601F00EF900210846D2
:105D000001F00AF90121A42001F006F9142002F0A3
:105D10003FF94FF41C51602001F0FEF840F20221DF
:105D2000082001F0F9F84FF40571302001F0F4F883
:105D300043F21571312001F0EFF840F20461322096
:105D400001F0EAF840F61661332001F0E5F842F27E
:105D50001121342001F0E0F84FF4A851352001F072
:105D6000DBF848F20751362001F0D6F841F207413E
:105D7000372001F0D1F841F20341382001F0CCF88E
:105D80002021392001F0C8F81A21902001F0C4F830
:105D90000021102001F0C0F80721112001F0BCF80B
:105DA0000021122001F0B8F80021132001F0B4F80E
:105DB000142002F0EDF84FF4E661102001F0ACF889
:105DC00040F23711112001F0A7F8142002F0E0F89A
:105DD0004FF4DC71122001F09FF8142000E085E000
:105DE00002F0D6F84FF47061132001F095F880218D
:105DF0002A2001F091F84821292001F08DF8142083
:105E000002F0C6F84FF48071012001F085F84FF4DC
:105E1000E061022001F080F841F23801032001F036
:105E20007BF840F20221082001F076F800210A20D8
:105E300001F072F800210C2001F06EF800210D2015
:105E400001F06AF830210E2001F066F800215020A0
:105E500001F062F8EF21512001F05EF8002152209C
:105E600001F05AF840F23F11532001F055F84FF479
:105E70001C51602001F050F80121612001F04CF824
:105E800000216A2001F048F81121902001F044F827
:105E90004FF4C061922001F03FF840F2024193209C
:105EA00001F03AF80221942001F036F8142002F0B3
:105EB0006FF80121072001F02FF8142002F068F894
:105EC0006121072001F028F840F27311072001F04A
:105ED00023F80021202001F01FF80021212001F0EB
:105EE0001BF82221002001F017F817E37948808879
:105EF0004CF2055188427CD10021084601F00CF893
:105F00000021084601F008F8142002F041F80021B1
:105F1000084601F001F80021084600F0FDFF0021CD
:105F2000084600F0F9FF0021084600F0F5FF0121C6
:105F3000A42000F0F1FF142002F02AF84FF41C51C5
:105F4000602000F0E9FF40F60601082000F0E4FFC1
:105F500040F20371302000F0DFFF0121312000F01A
:105F6000DBFF0421322000F0D7FF4FF48171332092
:105F700000F0D2FF4FF44071342000F0CDFF40F22A
:105F80000311352000F0C8FF1F21362000F0C4FFA8
:105F900040F20371372000F0BFFF0121382000F0EC
:105FA000BBFF0421392000F0B7FF1521902000F03D
:105FB000B3FF4FF48261102000F0AEFF40F24721A2
:105FC000112000F0A9FF4FF4DE71122000F0A4FFB1
:105FD0004FF46061132000F09FFF782001F0D8FF9C
:105FE0004FF48071012000F097FF4FF40071022000
:105FF00000E052E000F090FF41F23001032000F099
:106000008BFF08210A2000F087FF00210C2000F000
:1060100083FF20210E2000F07FFF00210F2000F0E1
:106020007BFF0021202000F077FF0021212000F0DD
:1060300073FF3D212A2000F06FFF142001F0A8FF1C
:106040002D21292000F068FF0021502000F064FF7E
:106050004DF2EF01512000F05FFF0021522000F0CF
:106060005BFF40F23F11532000F056FF00216120FA
:1060700000F052FF00216A2000F04EFF4FF4407103
:10608000922000F049FF0521932000F045FF4FF4D6
:106090008071072000F040FF40E20E48808844F203
:1060A000315188427ED10121002000F035FF0A20C5
:1060B00001F06EFF41F22861102000F02DFF0E214B
:1060C000122000F029FF40F63921132000F024FFB0
:1060D0000A2001E0F400002001F05AFF40211120C5
:1060E00000F01AFF5021152000F016FF0A2001F0E1
:1060F0004FFF1E21122000F00FFF0A2001F048FF81
:106100004FF4B151102000F007FF42F6392113205F
:1061100000F002FF0A2001F03BFF4FF480710120E4
:1061200000F0FAFE4FF44071022000F0F5FE41F25B
:106130003801032000F0F0FE40F20221082000F0B8
:10614000EBFE08210A2000F0E7FE0021302000F0DD
:10615000E3FE40F20241312000F0DEFE4FF4837195
:10616000322000F0D9FE40F20351332000F0D4FE7B
:106170004FF48271342000F0CFFE40F2013135201F
:1061800000F0CAFE40F20771362000F0C5FE40F272
:106190000531372000F0C0FE4FF40271382000F0C6
:1061A000BBFE00E03EE040F60B71392000F0B4FE8B
:1061B0000221412000F0B0FE4FF41C51602000F09D
:1061C000ABFE0121612000F0A7FE4FF40471902086
:1061D00000F0A2FE4FF48571922000F09DFE042194
:1061E000932000F099FE4FF48071A02000F094FEFF
:1061F0000121072000F090FE2121072000F08CFEF5
:106200002321072000F088FE3321072000F084FEC0
:1062100040F23311072000F07FFE0021A02000F0A3
:106220007BFE7BE1C348808844F2355188427CD1B3
:106230003021152000F070FE10219A2000F06CFE35
:106240002021112000F068FE43F22841102000F0C8
:1062500063FE0221122000F05FFE41F2380113209C
:1062600000F05AFE282001F093FE1221084600F0AB
:1062700053FE282001F08CFE43F22041102000F054
:106280004BFE43F23801132000F046FE462001F099
:106290007FFE0021302000F03FFE40F2024131201D
:1062A00000F03AFE40F20731322000F035FE4FF4A4
:1062B0004171332000F030FE0421342000F02CFE28
:1062C00040F20141352000F027FE40F207713620F0
:1062D00000F022FE40F20531372000F01DFE4FF4A1
:1062E000C261382000F018FE4FF4C261392000F07E
:1062F00013FE4FF48071012000F00EFE4FF4407148
:10630000022000F009FE41F23001032000F004FEFB
:1063100040F60801082000F0FFFD08210A2000F0E7
:10632000FBFD4FF41C51602000E033E000F0F4FD71
:106330000121612000F0F0FD4FF49F71902000F0EA
:10634000EBFD4FF48071922000F0E6FD4FF4807178
:10635000932000F0E1FD4FF44051A02000F0DCFD5F
:106360001021A32000F0D8FD0121072000F0D4FD6A
:106370002121072000F0D0FD2321072000F0CCFDD3
:106380003321072000F0C8FD40F23311072000F050
:10639000C3FDC3E06748808841F6631188427DD120
:1063A000E22000F0A3FD1D2000F094FD022000F08B
:1063B00091FD042000F08EFD642001F005FEE02038
:1063C00000F094FD012000F085FD0A2001F0E0FDC1
:1063D000E02000F08BFD032000F07CFD0C2001F09C
:1063E000D7FD012000F082FD0A2001F0D1FDE6205A
:1063F00000F07CFD2F2000F06DFDFF2000F06AFD15
:10640000FF2000F067FDB02000F070FD202000F0BC
:1064100061FD002000F05EFD032000F05BFD40F216
:106420001F3000F057FD012000F054FD40F2DF1056
:1064300000F050FD002000F04DFDB42000F056FDAE
:10644000042000F047FD40F21F4000F043FD002013
:1064500000F040FD2E2000F03DFD002000F03AFD50
:10646000002000F037FD002000F034FD002000F097
:1064700031FDB62000F03AFD022000F02BFD4FF474
:10648000037000F027FD002000F024FD172000F02D
:1064900021FD152000F01EFD002000E03BE000F093
:1064A00019FD002000F016FDF02000F01FFD032074
:1064B00000F010FD292000F019FDD02000F016FD9D
:1064C000002000F007FDBE2000F010FD052000F0C8
:1064D00001FDFE2000F0FEFC012000F0FBFC00208E
:1064E00000F0F8FC002000F0F5FC002000F0F2FCC9
:1064F000B82000F0FBFC032000F0ECFC012000F0D1
:10650000E9FCBA2000F0F2FC012000F0E3FC64207A
:1065100000F02AF802E00020064988800020FBF7FE
:106520003FFC0120044908604FF6FF70FBF7FCFBBD
:1065300021B000BDF4000020BC82404208B50348F1
:1065400000880090BDF8000008BD00008000006CCD
:1065500010B50446204600F0C9FC052001F034FDCA
:10656000FFF7ECFF10BD000070B52DED048B044665
:10657000BE2000F0BBFC052000F0ACFC204602F081
:1065800006FC41EC190B9FED0E0B53EC102B02F0A7
:1065900011FC41EC180B02F0CDFB85B2284600F04F
:1065A00099FC012000F096FCFF2000F093FC0020F5
:1065B00000F090FC002000F08DFCBDEC048B70BD61
:1065C0006666666666660440F0B5054600240027E8
:1065D000D1488079012811D1CF48808846F604013E
:1065E00088420BD0CC48808841F66311884205D0A0
:1065F000C948808849F28141884208D1C6488079DB
:10660000F0B9C548808841F66311884218D1082D39
:1066100015D2DFE805F00406080A0C0E1012062554
:106620000DE007250BE0042509E0052507E001251D
:1066300005E0002503E0032501E0022500BF00BFBF
:10664000B548808849F24131884234D0B2488088C8
:1066500046F6040188422ED0AF48808845F21031BA
:10666000884228D0AC48808845F21051884222D018
:10667000A948808841F6631188421CD0A6488088CA
:1066800049F28141884216D0A348808847F2897137
:10669000884210D0A048808849F2864188420AD0BA
:1066A0009D488088891C884205D09B48808847F295
:1066B000967188427ED1082D1CD2DFE805F00406D1
:1066C000090C0F12151800BF14E044F0800411E00B
:1066D00044F040040EE044F0C0040BE044F0200419
:1066E00008E044F0600405E044F0A00402E044F057
:1066F000E00400BF00BF8848808845F210518842FE
:1067000002D14FF4585700E036278348808845F27D
:10671000103188420DD08048808845F2105188425F
:1067200007D07D48808841F66311884201D044F04B
:1067300008047948808846F60401884205D07648E6
:10674000808849F28141884201D144F00204214607
:10675000384600F0E1FB7048808841F663118842BA
:1067600027D004F0200068B16B4800886A49498846
:1067700088421EDA684806884088674908800846CB
:10678000468016E06448808849F28141884203D1FE
:106790006148807901280CD05F4800885E494988AB
:1067A000884206DD5C48068840885B4908800846C8
:1067B000468000E087E05848808845F210518842C2
:1067C00052D15549488900F091FB002000F082FB2E
:1067D00051494989491C88B200F088FB002000F02B
:1067E00079FB4D494989891C88B200F07FFB4A49F1
:1067F0000988491EC1F30F2000F06CFB4649498906
:10680000C91C88B200F072FB43490978491EC8B21E
:1068100000F060FB4049888900F068FB002000F030
:1068200059FB3D498989491C88B200F05FFB002073
:1068300000F050FB38498989891C88B200F056FB6A
:1068400035494988491EC1F30F2000F043FB324906
:106850008989C91C88B200F049FB2F498978491EF3
:10686000C8B200F037FB55E02B49488900F03EFBE9
:10687000002000F02FFB002000F02CFB26490988A7
:10688000491EC1F30F2000F025FB23490978491E5A
:10689000C8B200F01FFB2049888900F027FB0020C8
:1068A00000F018FB002000F015FB1B494988491E29
:1068B000C1F30F2000F00EFB17498978491EC8B2BA
:1068C00000F008FB26E0082D1CD2DFE805F00407E5
:1068D0000A0D0F12151844F0300413E044F01004B0
:1068E00010E044F020040DE000BF0BE044F0380459
:1068F00008E044F0280405E044F0180402E044F005
:10690000080400BF00BF032744F4805421463846E2
:1069100000F002FBF0BD0000F400002030B504469A
:106920000D468D48808849F24131884211D08A480D
:10693000808845F2103188420BD08748808847F222
:106940008971884205D08448808847F296718842D0
:1069500014D18149488900F0C9FA201200F0BAFA2E
:10696000E0B200F0B7FA7C49888900F0BFFA28123B
:1069700000F0B0FAE8B200F0ADFAEBE076488088BB
:1069800049F28641884204D073488088891C884235
:106990002ED17149488900F0A9FA201200F09AFA24
:1069A000E0B200F097FA6C490988491EC1F30F2044
:1069B00000F090FA68490978491EC8B200F08AFAD6
:1069C0006549888900F092FA281200F083FAE8B24B
:1069D00000F080FA60494988491EC1F30F2000F099
:1069E00079FA5D498978491EC8B200F073FAB1E0BE
:1069F0005948808846F60401884205D05648808868
:106A000049F2814188421DD153488079012804D13F
:106A100051480088401E001B84B24F49488900F04D
:106A200065FA201200F056FAE0B200F053FA4A4933
:106A3000888900F05BFA281200F04CFAE8B200F006
:106A400049FA87E04448808841F66311884247D17B
:106A500041488079A8B940480088401E001B84B294
:106A60003D49488900F042FA002000F033FA002046
:106A700000F030FA201200F02DFAE0B200F02AFA0D
:106A800016E03549488900F031FA201200F022FA68
:106A9000E0B200F01FFA30490988491EC1F30F2007
:106AA00000F018FA2C490978491EC8B200F012FA11
:106AB0002949888900F01AFA281200F00BFAE8B286
:106AC00000F008FA24494988491EC1F30F2000F05C
:106AD00001FA21498978491EC8B200F0FBF939E072
:106AE0001D48808845F21051884220D11A494889B2
:106AF00000F0FCF9201200F0EDF917494989491C12
:106B000088B200F0F3F9E0B200F0E4F912498889A4
:106B100000F0ECF9281200F0DDF90F498989491CD1
:106B200088B200F0E3F9E8B200F0D4F912E00A48C4
:106B30008079012804D108480088401E001B84B2D7
:106B400005494889214600F0E7F903498889294623
:106B500000F0E2F930BD0000F40000202DE9F84F0C
:106B600080460E4617461C46B3462046E31704EB04
:106B70005373DB1021464FEAE47C04EB5C7C4FEA64
:106B8000EC0CA4EBCC0CBCF1000F02D04FF0010CCC
:106B900001E04FF0000C6344224604EBD27C4FEA44
:106BA0006C0C03FB0CF3DBB20093A7F12000C7B21F
:106BB000002556E00C2C07D107EB47002B4901EBD1
:106BC000800010F8059013E0102C05D1284800EB48
:106BD000071010F805900BE0182C07D107EBC70041
:106BE000244901EB800010F8059001E0BDE8F88F22
:106BF0004FF0000A2FE009F0800030B11E480288F3
:106C000031464046FBF714FA07E00A9828B91B48BA
:106C1000028831464046FBF70BFA4FEA49604FEADB
:106C20001069701C86B216484088B04200DCDDE76F
:106C3000A6EB0B00A0420AD15E4608F101001FFA44
:106C400080F80F480088404500DCCFE706E00AF1F5
:106C5000010000F0FF0ABAF1080FCCDB00BF681C8E
:106C6000C5B200988542A5DB00BFBFE7A090000831
:106C700014950008049B00081A0000201C00002046
:106C8000F40000207CB504460D464FF6FF700090DE
:106C900004F1100083B2DC2221464620FBF7D4FA2F
:106CA0001020034696222146CDE90005462000F03B
:106CB00069F87CBD1CB50020244908804FF6FF70A0
:106CC00023490880FBF722FB4FF6FF70FBF72CF8F7
:106CD00020A010210B46DC22CDE900100A21084635
:106CE00000F050F81DA010210B46DC22CDE9001069
:106CF00022210A2000F046F81AA010210B46DC22BF
:106D0000CDE900103A210A2000F03CF817A010212C
:106D10000B46DC22CDE9001052210A2000F032F8A7
:106D200014A010210B46DC22CDE900106A210A20B4
:106D300000F028F811A010210B46DC22CDE900104C
:106D400082210A2000F01EF81CBD00001A0000205D
:106D50001C00002057694669203A00004D515454E8
:106D6000203A000054656D70203A000048756D208F
:106D7000203A0000536D6F6B653A0000504D322E83
:106D8000353A00002DE9F84704460D4690469946ED
:106D9000DDE9096704F0FF0A08EB04001FFA80F838
:106DA00009EB05001FFA80F916E0444502DB544662
:106DB000A81985B24D4500DB14E0002000903A7818
:106DC000334629462046FFF7C9FE304606EBD07110
:106DD00004EB61018CB27F1C38787E2802DC3878A5
:106DE0002028E2DA00BFBDE8F887000010B50A48A5
:106DF000007808B109A000E009A001460A20FFF7C9
:106E000041FF0948007808B104A000E004A0014651
:106E10002220FFF737FF10BD220000204F4B00005B
:106E20004641494C000000002300002030B52DED04
:106E3000048B89B004460D46B0EE408AF0EE608ABD
:106E400022461AA101A8F9F733FA01A93A20FFF75F
:106E500019FF2A4617A101A8F9F72AFA01A9522019
:106E6000FFF710FF18EE100A02F0A2F841EC190B20
:106E700053EC192B11A101A8F9F71AFA01A96A20FC
:106E8000FFF700FF18EE900A02F092F841EC190BA0
:106E900053EC192B0CA101A8F9F70AFA01A98220D9
:106EA000FFF7F0FE09B0BDEC048B30BD2564204334
:106EB000000000002564202525000000252E3266F4
:106EC0002070706D00000000252E31662075672F40
:106ED0006D33000001B5BDF800000090BDF8000062
:106EE0000149088008BD00008000006C01B5BDF8B4
:106EF00000000090BDF800000149088008BD0000B6
:106F00007E00006C0248008902490880704700003A
:106F1000F40000207E00006C034A10804FF0D8423D
:106F2000A2F88010704700007E00006C00B589B0A8
:106F30000121042000F000FA0121080200F02CFADF
:106F40000220079003208DF8200000208DF82300F8
:106F500007A90C48FAF776FE002001908DF808008A
:106F60008DF8090003900490059001208DF8180019
:106F700001A90548FAF742FB01210348FAF706FB8D
:106F800009B000BD000802400020014010B52DED01
:106F9000048B9FED1C0AF0EE408A00240AE000F00A
:106FA0009FF830EE280AF0EE408A322000F0F0FF21
:106FB000601CC4B21E2CF2DBB3EE0E0A88EE808A8F
:106FC0009FED110AB4EEC08AF1EE10FA03D29FEDE4
:106FD0000E0AB0EE408AF1EE040A80EE880AF7EE5F
:106FE000000A30EE600AF1EE040A20EE209AB1EEBB
:106FF0000A0AC9EE000A0548C0ED000ABDEC048B80
:1070000010BD0000000000000AD7233C240000202F
:1070100010B52DED028B00F039F8F0EE408A9FEDAF
:10702000170AF4EEC08AF1EE10FA03D89FED130AA6
:10703000F0EE408AFFEE080AB0EE680A00F054FC59
:10704000DFED0F0A20EE208AB5EEC08AF1EE10FACD
:1070500003D29FED0C0AB0EE408A9FED0B0AB4EE0E
:10706000C08AF1EE10FA03DD9FED070AB0EE408A08
:10707000B0EE480ABDEC028B10BD00000AD7233CDD
:1070800000007A440000000000401C4610B52DEDC1
:10709000028B00F025F8B0EE408A9FED0F0AB4EEA7
:1070A000C08AF1EE10FA03D29FED0B0AB0EE408ACF
:1070B000B1EE040AC0EE080AB7EE000A30EEC00ACC
:1070C000F1EE040A60EE208A0448D0ED000A88EE52
:1070D000A00ABDEC028B10BD0AD7233C240000207F
:1070E00010B52DED048B9FED300AB0EE408A0A20DA
:1070F00000F082F808EE900AB8EE680A9FED2B1AAD
:10710000C0EE010A9FED2A0A20EE800AB0EE409AF6
:1071100028482949097800EB810080ED009A26482B
:107120000078401C2449087008460078052801DBD7
:10713000002008702048007810B901201F4908700D
:107140001E480078A8B100240AE01A4800EB840029
:1071500090ED000A30EE080AB0EE408A601CC4B21E
:10716000052CF2DBF1EE040A88EE200ABDEC048B5C
:1071700010BD00240AE00F4800EB840090ED000AE7
:1071800030EE080AB0EE408A601CC4B20A480078AB
:107190008442F0DD08480078401C00EE100AF8EE4A
:1071A000C00A88EE200AE1E70000000000F07F45F9
:1071B0003333534004090020280000202900002018
:1071C0001CB50020009001900121052000F0B4F8CA
:1071D0000120009000208DF8040002208DF80700A7
:1071E0008DF8050069460348FAF72CFDFFF79EFE6F
:1071F0001CBD0000000002402DE9F0438FB00546A1
:107200004FF0000900270F2D00DD0F25032D00DAB8
:107210000325002419E0072301220B212448FAF753
:1072200017FA2348FAF770FA00BF02212048FAF74C
:10723000DBF90028F9D01E48FAF7D2F94DF82400FE
:10724000052000F0A5FE601CC4B2AC42E3DB0024C4
:1072500016E0601CC6B20FE05DF824005DF8261051
:10726000884207D95DF824805DF826004DF8240097
:107270004DF82680701CC6B2AE42EDDB601CC4B275
:10728000681EA042E5DC012406E05DF8240081448C
:10729000781CC7B2601CC4B2681EA042F5DC1FB9DE
:1072A00000980FB0BDE8F083B9FBF7F0F9E70000F4
:1072B0000020014000BFFEE77047000070B50021CC
:1072C00000230F22C4781CB3174C246804F4E06434
:1072D000C4F5E064C4F30721C1F10404E3B20A4138
:1072E00044789C40E1B28478144021430C07210E7D
:1072F0000E4C05786155047804F01F050124AC405C
:1073000005786D11AD0005F1E025C5F8004109E0F3
:10731000047804F01F050124AC40054D0678761171
:1073200045F8264070BD00000CED00E000E400E0F0
:1073300080E100E07047000029B1064A126802436C
:10734000044B1A6004E0034A12688243014B1A603E
:10735000704700003038024029B1064A12680243E3
:10736000044B1A6004E0034A12688243014B1A601E
:10737000704700003838024029B1064A12680243BB
:10738000044B1A6004E0034A12688243014B1A60FE
:10739000704700004038024029B1064A1268024393
:1073A000044B1A6004E0034A12688243014B1A60DE
:1073B0007047000044380240F0B50021002200244C
:1073C000022500260223324F3F6807F00C0121B14D
:1073D000042905D0082937D105E02E4F076036E093
:1073E0002D4F076033E02A4F3F1F3F68C7F3805699
:1073F000274F3F1F3F6807F03F036EB1264FB7FB93
:10740000F3F7DFF88CC0ACF1040CDCF800C0CCF36F
:10741000881C07FB0CF40CE01E4FB7FBF3F7DFF8FA
:1074200070C0ACF1040CDCF800C0CCF3881C07FB86
:107430000CF4174F3F1F3F68C7F301477F1C7D00C7
:10744000B4FBF5F7076002E0124F076000BF00BF12
:107450000F4F3F6807F0F0010909104F7A5C076889
:10746000D74047600A4F3F6807F4E051890A0B4F45
:107470007A5C4768D7408760054F3F6807F46041F2
:10748000490B064F7A5C4768D740C760F0BD0000E3
:10749000083802400024F40000127A0000000020A6
:1074A000704700000CB5002001900090344800683F
:1074B00040F480303249086000BF3148006800F471
:1074C000003000900198401C0190009818B9019874
:1074D000B0F5A04FF1D12A48006800F4003010B197
:1074E0000120009001E0002000900098012846D182
:1074F00023484030006840F0805021494031086006
:107500002048006840F440401E4908601C4808308C
:1075100000681B49083108600846006840F40040D4
:1075200008600846006840F4A05008601648091F2B
:107530000860081F006840F08070091F086000BFE5
:107540000F48006800F000700028F9D040F2057084
:107550000E4908600A480830006820F00300084916
:10756000083108600846006840F00200086000BF6B
:1075700003480830006800F00C000828F8D10CBD62
:10758000003802400070004008544007003C0240B0
:10759000042808D14FF0E021096941F004014FF0BF
:1075A000E022116107E04FF0E021096921F00401B8
:1075B0004FF0E022116170477047000010B5154888
:1075C000006840F47000134908601348006840F0F8
:1075D00001001149086000200F49083108600E4879
:1075E00000680E4908400C4908600D48091D0860F4
:1075F000081F006820F48020091F08600020064949
:107600000C310860FFF74EFF4FF0006001498039F0
:10761000086010BD88ED00E000380240FFFFF6FE74
:107620001030002410B540F225511D4800F070F8CC
:1076300010B31B4800F026F9C4B21A48008800F4C1
:107640000040C8B91748008800F4804060B10A2C97
:1076500003D000201349088020E01248008840F43D
:1076600000401049088019E00D2C06D10D48008813
:1076700040F480400B49088010E00A480088C0F3BD
:107680000D0009490C5407480088401C0549088032
:1076900008460088C72801DD0020088010BD0000D2
:1076A00000100140180000202C00002010B540F20E
:1076B0002551064800F02CF830B1044800F0E2F8FB
:1076C000C4B2204600F056FE10BD00000048004045
:1076D0000BE000BF0749098801F040010029F9D0FB
:1076E00010F8011B034A121D118001780029F0D106
:1076F000704700000048004021B1828942F40052E6
:10770000828104E082894DF6FF731A4082817047BE
:1077100070B50246002400230025002040F66A16BA
:10772000B14200D100BFC1F3421501F01F03012691
:1077300006FA03F3012D02D19689334006E0022DAB
:1077400002D1168A334001E0968A33400C1201269A
:1077500006FA04F41688344013B10CB1012000E09D
:10776000002070BDF0B5034600240026002500204F
:1077700040F66A17B94200D100BF1846C1F342145F
:1077800001F01F06012707FA06F5012C01D10C3084
:1077900004E0022C01D1103000E014301AB1076867
:1077A0002F43076002E00768AF430760F0BD0000A9
:1077B0002DE9FF4705460E460024A14600BFA0461E
:1077C000B08900B100BF2C8A24F44054F0880443EF
:1077D0002C82AC8941F20C608443B0883189084323
:1077E000718908430443AC81AC8A24F44074B089A5
:1077F0000443AC826846FFF7DFFD2048854202D093
:107800001F48854202D1DDF80C9001E0DDF80890B8
:10781000A88900F4004040B109EBC90000EB091051
:1078200031684900B0FBF1F707E009EBC90000EB54
:10783000091031688900B0FBF1F76420B7FBF0F064
:1078400004012009642101FB1078A88900F400409C
:1078500040B1322000EBC800B0FBF1F000F00700AF
:10786000044308E0322000EB08106421B0FBF1F083
:1078700000F00F0004432C81BDE8FF870010014099
:107880000014014001468888C0F30800704700BF1B
:10789000FEE703B401984100009850EAC12018BFE8
:1078A00004204A0D18BF40F0010040F2FF72B2EB15
:1078B000515F08BF40F00200012808BF052002B058
:1078C00070474100080218BF04200A0E18BF40F09C
:1078D00001004FF07F4232EA010108BF40F0020090
:1078E000012808BF0520704710B510EE100A10EEF1
:1078F000901AB7EE001A0023A0F500042DED028BBC
:107900004FF0007CB4F1FE4FB0EE418A4FF07F4261
:107910000CEB410480F08681B4F1804FC0F0CB8144
:10792000FE4901449FEDFE3AB1F5005F40F2AA82A4
:1079300000F580214FEAD14C0CF00F0101EE901AB6
:10794000CCF3071CACF17F0CA0EBCC50B8EEE12AD5
:1079500000EE100A6344DFEDF32AF0EE411A42EE26
:10796000221AF0EE613A30EE232A70EE632A12EE0C
:10797000100A00F500606FF30B0001EE900A73EE41
:10798000E13A33EE804AC1EE023A22EEA30A10EE4B
:10799000100A00F500606FF30B0000EE100A40EED5
:1079A000612A40EE442A62EEA32A70EE221A21EEEA
:1079B000A12ADFEDDD3A02EE233A23EE023A20EE71
:1079C000012A22EE811A03EE211A32EE010A10EE8C
:1079D000100A00F500606FF30B0000EE100A72EE63
:1079E000401A31EE811ADFEDD11A60EE211A9FEDB7
:1079F000D02A20EE020A9FEDCF2A01EE020A31EED4
:107A0000801A11EE100A00F500606FF30B0001EE12
:107A1000100AC94871EEC11A71EE802A784400EB51
:107A2000C100D0ED001A90ED012A180100EE100AF5
:107A3000B8EEC03A32EE820A30EE010A30EE210A88
:107A400030EE030A10EE100A00F500606FF30B0031
:107A500000EE100A30EE433A73EE611A31EEC11AAD
:107A600031EE421A72EEC11A10EE900A00F5006073
:107A70006FF30B0001EE100A70EEC12A20EE012A0E
:107A800060EE220A31EE220A41EE800A32EE200A2E
:107A900010EE100A00F500606FF30B0000EE100A04
:107AA00032EE401A71EE201A70EE210AF5EEC00A8D
:107AB000F1EE10FA34BFBEEE001AB6EE001A71EE07
:107AC000200AFDEEE00A10EE900A011100EE901A75
:107AD000B8EEE01A00EE900AF8EEE00A30EE600A26
:107AE00030EE210ADFED951ADFED950A40EE210A0E
:107AF000DFED941A944900F00F0040EE201A21EEB9
:107B0000800A794401EB8001D1ED000A8F49794464
:107B100001EB8001D1ED001A8D4941EE800A7944D4
:107B200001EB80008B4990ED000A70EE800AB0EE08
:107B3000C10A10EE100A884215DA10EE100AB2EBF4
:107B4000400F10D39FED840A31EE000A9FED831A97
:107B500068EE200ABDEC028B20EE010ABCEEC00AE2
:107B600020EE200A10BD10EE100A7D49884233DA5B
:107B700010EE100AB2EB400F2ED3BDEEC10A68EE34
:107B8000200A10EE100A00EBD0735910C90501F15C
:107B90007E5100EE101AA0EB6300C00560EE200AD3
:107BA00000F17E5000EE100A60EE808A18EE900A16
:107BB000B2EB400F25D018EE900A400011D018EE1D
:107BC000900AFFF77EFE042808BF00F0B1F9B0EE7E
:107BD000680ABDEC028B10BDB5EEC01AF1EE10FACA
:107BE0000FD20220F8F7F1FC00F0A2F910EE101A03
:107BF00018EE100ABDEC028B61F31E0000EE100AB5
:107C000010BD0220F8F7E1FC00F08AF910EE101A1E
:107C100018EE100ABDEC028B61F31E0000EE100A94
:107C200010BD00BFB4F1804F45D300BF00F1FF4C41
:107C3000BCF1FE4F25D200BFB0EEC00A10EE100A14
:107C4000C1F3C75CBCF17F0F0CDBBCF1970FBFF633
:107C500067AECCF1960C012404FA0CFCACF10104E3
:107C60000C4208D00120F8F7B0FCBDEC028BBDE857
:107C7000104000F04DB91CEA010F18BFBFEE008A9A
:107C80004EE65FEA400C1CBF4FF0807CBCEB400F1F
:107C90000BD96FF01A03DFED331A20EE210A10EE34
:107CA000100A10F0004FC7D13AE6A0F5000CBCF165
:107CB000FE4F22D234E60CEB410CBCF1007F12D314
:107CC000F5EEC00AF1EE10FA06D15FEA400C18BFDB
:107CD000B2EB400F71D8A9E701F0004141F0FC512F
:107CE00000EE901AA2E7BCF1807F06D210EE90CA97
:107CF000ACF5000C00EE90CA98E720F0004C6FF055
:107D0000FF44194A0CEB0403934239D321F000439A
:107D10001C44944234D3B0F17E5F27E0001080C051
:107D2000ABAAAA3E0000803D7EE24C3E00B0384245
:107D3000D49AB8BB3BAA3842682E0000FC5963377E
:107D4000C9FF753A1872313D422E0000762E0000B0
:107D5000E62D00000000FC420000FE420000004B47
:107D6000000040430000004DFFFF3F0018BF5FEAE6
:107D7000410222D0BCF1FF4F98BFB3F1FF4F05D9AC
:107D8000BDEC028BBDE8104000F0BEB8B0F1FF4F73
:107D90000FD0C1F3C7527F2A09DB972A12DAC2F14A
:107DA0009602012303FA02F2531E0B4206D0002270
:107DB00009E011F0004F55D129E05DE00A4218BFFB
:107DC000012200D1022210F5000F13D020B3B0F130
:107DD000004F25D010F1814F4ED04FF0FE42B2EB54
:107DE000400F94BF01200020012202EBE171884284
:107DF00038D10CE011F0004F02D0012A37D031E029
:107E0000012A02BF9FED340ABDEC028B10BD9FED2D
:107E1000330ABDEC028B10BD11F0004F0CD121E0F4
:107E2000B1F1FF4F1ED011F5000F05D011F0004F3A
:107E300015D00AB1012A08D00220F8F7C6FBBDEC24
:107E4000028BBDE8104000F055B80220F8F7BDFBEA
:107E500000F050F8BDEC028BB1EE400A10BD0AB143
:107E6000012A04D0BDEC028B9FED1D0A10BDBDECB4
:107E7000028B9FED1C0A10BDBDEC028BB7EE000A11
:107E800010BD00BF30EE410AB5EE001A00EE413AD7
:107E9000B6EE001A60EE001A00EE431A21EEC12A77
:107EA0009FED111A60EE011A9FED101A20EE011AD3
:107EB0009FED0F0A02EE001A31EE810A10EE100A51
:107EC00000F500606FF30B0000EE100A71EEC01AAF
:107ED00071EE811AC8E50000000080FF0000807F7D
:107EE000000000000000008000B0B841D49A38BB08
:107EF0003BAAB841DFED030AB7EE001A81EE200A73
:107F0000704700000000000030EE200A70470000BB
:107F1000DFED020A80EEA00A7047000000000000BA
:107F20009FED020A20EE000A70470000000000707A
:107F30009FED020A20EE000A7047000000000010CA
:107F400030380A2801D2012070470020704700BF56
:107F50007047000010B504466FF00400FFF718FBEF
:107F6000E11704EB5171C1F3C701074A11701046C4
:107F7000007800EB4001C1EBC0104FF6FF7101EA41
:107F8000C0000249088010BD10000020120000202F
:107F900070B504464FF4077094FBF0F0C6B24FF48E
:107FA000077094FBF0F100FB114085B205E04FF43F
:107FB000077000F02FF8701EC6B2002EF7D115B171
:107FC000284600F027F870BD0146114A12784A434E
:107FD0004FF0E0235A6100229A611A46126942F07A
:107FE00001021A6100BF4FF0E022106900F00102A7
:107FF0001AB100F48032002AF5D04FF0E022126965
:1080000022F001024FF0E0231A6100229A617047CA
:10801000100000200146114A12884A434FF0E02325
:108020005A6100229A611A46126942F001021A61ED
:1080300000BF4FF0E022106900F001021AB100F415
:108040008032002AF5D04FF0E022126922F00102BE
:108050004FF0E0231A6100229A617047120000205D
:1080600070B505460E461446234600223146284682
:1080700000F002F870BD00002DE9F04104460D4605
:1080800016461F4600F00CFC21460FA0F8F704F935
:108090002046FFF71DFB0FA0FFF71AFB3A463146BB
:1080A000284600F05BFB8046B8F1000F04D0214663
:1080B00009A0F8F7F1F803E021460DA0F8F7ECF875
:1080C0004046BDE8F081000053656E6420434D4496
:1080D0003A2025730D0A00004553503832363620B9
:1080E000434D44204F4B3A2025730D0A00000000F9
:1080F0004553503832363620434D44204552524F76
:10810000523A2025730D0A0010B5ADF5027D00240A
:108110001BA0F8F7C1F826A227A12CA0F8F7BCF8FD
:108120002EA130A0F8F7B8F8334834A32BA236A11B
:10813000009002A8F8F7BCF841F288323DA102A8ED
:10814000FFF78EFF4FF4FA7000F0C0FB18A31AA2DD
:1081500039A102A8F8F7ACF842F2107335A23CA19D
:1081600002A8FFF789FF044614B101203C490870BA
:108170003CA0F8F791F800F08BFA0DF5027D10BDE8
:108180000D0A3D3D3D3D3D3D3D3D3D3D20436F6E36
:108190006E656374204F6E654E4554207374617232
:1081A00074203D3D3D3D3D3D3D3D3D3D0D0A0000C2
:1081B00031383833000000006D717474732E6865B7
:1081C000636C6F7564732E636F6D00005365727618
:1081D00065723A2025733A25730D0A00657370386D
:1081E00032363600446576696365204E616D653AC6
:1081F0002025730D0A0000005CAA0008676935306D
:1082000063443233684D000041542B4D5154545552
:108210005345524346473D302C312C222573222CA6
:10822000222573222C222573222C302C302C222242
:10823000000000004F4B000041542B4D515454435B
:108240004F4E4E3D302C222573222C25732C3100AD
:108250002B4D515454434F4E4E454354454400001A
:1082600023000020436F6E6E656374204F6E654E71
:10827000455420646F6E650D0A00000000B5C1B062
:1082800013A0F8F709F81EA11FA0F8F705F821A11F
:1082900023A0F8F701F81FA319A224A101A8F8F759
:1082A00007F844F6206326A226A101A8FFF7E4FE02
:1082B00010B10120264908704FF4FA6220A125A0D0
:1082C000FFF7CEFE26A0F7F7E7FF41B000BD0000A4
:1082D0000D0A3D3D3D3D3D3D3D3D3D3D20576946FF
:1082E0006920636F6E6E65637420737461727420AD
:1082F0003D3D3D3D3D3D3D3D3D3D0D0A0000000005
:108300004C6A6A4E42000000535349443A20257398
:108310000D0A00004C7A64324C796D323232000022
:108320005057443A202025730D0A000041542B4336
:10833000574A41503D222573222C222573220000EA
:108340004F4B00005749464920474F5420495000A1
:108350002200002041542B434946535200000000A4
:108360005769466920636F6E6E65637420646F6E33
:10837000650D0A001049098840F2FF72914211D23E
:108380000D490A880988491C0B4B19800B498854F0
:1083900000210A4A1B88D1540A280BD10121084A1E
:1083A000117007E00021054A034B1B88D1540121BD
:1083B000034A1170704700002000002002010020D5
:1083C0001E00002010B51AA0F7F766FF40F6B8327D
:1083D00023A124A0FFF744FE4FF4FA7000F076FAD0
:1083E00040F6B8321EA120A0FFF73AFE4FF4FA7013
:1083F00000F06CFA40F6B83219A11DA0FFF730FE6C
:108400004FF4FA7000F062FA41F288321BA11DA00D
:10841000FFF726FE40F6B83000F058FA40F6B832C2
:108420000FA11AA0FFF71CFE1AA0F7F735FF10BD29
:108430000D0A3D3D3D3D3D3D3D3D3D3D20455350BB
:108440003832363620696E69742073746172742014
:108450003D3D3D3D3D3D3D3D3D3D0D0A00000000A3
:108460004F4B0000415400004154453000000000D3
:1084700041542B43574D4F44453D31007265616473
:108480007900000041542B525354000041542B47B3
:108490004D5200003D3D3D3D3D3D3D3D3D3D204576
:1084A00053503832363620696E697420646F6E65B9
:1084B000203D3D3D3D3D3D3D3D3D3D0D0A00000023
:1084C00070B5C0B004460D462846F8F756F8064683
:1084D000334622460FA16846F7F7EAFE40F6B83267
:1084E00013A16846FFF7BCFD00F0DAF92846FFF754
:1084F000EFF842F210730FA212A115A000F07AF962
:1085000018B114A0F7F7C8FE02E019A0F7F7C4FEEF
:1085100040B070BD41542B4D5154545055425241BE
:10852000573D302C222573222C25642C302C300012
:108530003E0000002B4D5154545355425245435672
:10854000000000002B4D5154545055423A4F4B00FF
:108550004F4B00004553503832363620434D4420AF
:108560004F4B3A207061796C6F61640D0A00000016
:108570004553503832363620434D44204552524FF1
:10858000523A207061796C6F61640D0A000000003E
:1085900030B52DED0A8BD7B0B0EE408AF0EE608A90
:1085A000B0EE419AF0EE619AB6EE000A39EE000A9A
:1085B000BDEEC00A10EE104AF2EE040AB6EE000A52
:1085C00009EEA00ABDEEC00AB8EEC00AF2EE040A37
:1085D00080EE201A11EE105A284600F0E9FC41EC1A
:1085E0001A0B18EE900A00F0E3FC41EC1B0B18EE9E
:1085F000100A00F0DDFC41EC1C0B8DED04AB0DA06E
:10860000CDE902408DED00BB53EC1C2B0A4907A8B5
:10861000F7F74EFE07A909A0FFF752FF41F2883095
:10862000FFF7B6FC104911A0F7F736FE57B0BDECC6
:108630000A8B30BD706D0000D8AA000824737973CE
:108640002F6769353063443233684D2F6573703856
:108650003236362F7468696E672F70726F7065726C
:1086600074792F706F7374000201002045535038E5
:10867000323636204146544552205055424C4953DB
:1086800048204255464645523A2025730D0A0000BF
:1086900000B5C1B00DA21AA101A8F7F709FE42F278
:1086A00010721CA101A8FFF7DBFC20B107A11AA0E2
:1086B000F7F7F2FD03E005A11FA0F7F7EDFD4FF47A
:1086C0007A70FFF765FC41B000BD00002473797338
:1086D0002F6769353063443233684D2F65737038C6
:1086E0003236362F7468696E672F70726F706572DC
:1086F00074792F706F73742F7265706C790000003D
:1087000041542B4D5154545355423D302C22257326
:10871000222C30004F4B0000537562736372696204
:1087200065207265706C7920746F706963204F4B9F
:108730003A2025730D0A00005375627363726962F3
:1087400065207265706C7920746F70696320455282
:10875000524F523A2025730D0A0000002DE9F041D6
:1087600004460D461646002720E0142000F0AEF81F
:1087700007F1140087B224B121461048F7F7EBFE49
:1087800028B93DB129460D48F7F7E5FE10B10120A3
:10879000BDE8F0810AA10948F7F7DDFE20B90BA179
:1087A0000648F7F7D8FE08B10020F1E7B742DCDB56
:1087B000024909A0F7F770FD0020E9E70201002057
:1087C0000D0A4552524F520D0A0000000D0A464153
:1087D000494C0D0A0000000045535038323636200F
:1087E00046554C4C204255464645523A2025730D7D
:1087F0000A0000002DE9F04104460E4615461F46CA
:108800004FF0000827E0142000F060F808F1140091
:108810001FFA80F824B121461348F7F79CFE58B997
:1088200026B131461048F7F796FE28B93DB12946E2
:108830000D48F7F790FE10B10120BDE8F0810BA1C3
:108840000948F7F788FE20B90BA10748F7F783FE20
:1088500008B10020F1E7B845D5DB034909A0F7F7D7
:108860001BFD0020E9E70000020100200D0A45522F
:10887000524F520D0A0000000D0A4641494C0D0AA4
:1088800000000000455350383236362046554C4CD7
:10889000204255464645523A2025730D0A000000F5
:1088A000002004E00021064A1154411C88B2B0F5B2
:1088B000006FF7DB0021034A1180034A11707047F3
:1088C00002010020200000201E00002006E042F2ED
:1088D000107100BF0A00A1F10101FBD10200A0F15B
:1088E000010398B2F3D1704700BF054A128802F025
:1088F0004002002AF9D0C2B2014B9A8070470000B2
:10890000001001402DED068B86B0002005900490EC
:108910009FED610AF0EE408A9FED5F0AB0EE408A5B
:1089200000249FED5D0A10EE105AA820FFF712FBFD
:108930004FF4E13000F092F94FF4E13000F038F9F3
:10894000FFF740FDF8F7F0FEFEF7B4F9FEF74EFA38
:10895000F8F744FF0646FEF733FCF9F79FF84FA0FF
:10896000F7F79AFC1EB952A0F7F796FC02E056A062
:10897000F7F792FCFFF782FCFEF738FAFFF7C4FB2B
:10898000FEF734FA55A0F7F787FC44F62060FFF7AE
:10899000FFFA57A0F7F780FCFEF7F8FA5AA0F7F7AE
:1089A0007BFC77E0FEF722FA04A905A8F8F76BFF35
:1089B00038B15BA0F7F770FC41F28830FFF7E8FAB6
:1089C00068E0FEF725FBF0EE408AF9F703F904466C
:1089D00000EE104AB8EE400ADFED5A0A20EE200AF7
:1089E000DFED590A80EE201AB2EE060A21EE000AE7
:1089F00010EE105A0520F9F7A7F8B0EE408A18EEED
:108A0000100A00F0D5FA41EC190B18EE900A00F0AC
:108A1000CFFA41EC1A0B8DED029B8DED00AB9DF86A
:108A200010209DF8141049A0F7F736FC18EE100A34
:108A300000F0BEFA41EC190B284600F0B9FA41ECFF
:108A40001A0B8DED009B53EC1A2B21464DA0F7F726
:108A500023FCF0EE480AB0EE680A9DF810109DF86D
:108A60001400FEF7E3F9F0EE481AB0EE681A9DF82C
:108A7000100000EE100AF8EE400A9DF8140000EE17
:108A8000100AB8EE400AFFF783FD41F28830FFF785
:108A90007FFA00BF86E70000000000000D0A53794E
:108AA0007374656D2073746172740D0A00000000A8
:108AB000444854313120696E69742073756363656D
:108AC00073730D0A00000000444854313120696E70
:108AD0006974206661696C65640D0A004D5132202D
:108AE0007761726D2075702E2E2E0D0A0000000029
:108AF0004D51322063616C6962726174696E672ED8
:108B00002E2E0D0A000000004D51322063616C6969
:108B100062726174696F6E20646F6E650D0A000089
:108B200044485431312072656164206661696C6526
:108B3000642C20736B69702075706C6F61640D0A12
:108B40000000000000404E450000804554656D70F7
:108B50003D256420432C2048756D3D256420252546
:108B60002C20536D6F6B653D252E32662070706D25
:108B70002C20504D3D252E32662075672F6D330D0C
:108B80000A00000047503259205241573D253464B5
:108B90002C20563D252E3066206D562C20504D3D04
:108BA000252E32662075672F6D330D0A00000000F8
:108BB00010B588B0044601210220FEF7BDFB01215B
:108BC0008804FEF7D9FB07220A212248F9F782F828
:108BD00007220B211F48F9F77DF84FF440600690FB
:108BE00002208DF81C008DF81D0000208DF81E005D
:108BF00001208DF81F0006A91648F9F723F8029402
:108C00000020ADF80C00ADF80E00ADF81000ADF886
:108C100014000C20ADF8120002A90F48FEF7C8FDA1
:108C200001210D48FEF768FD012240F225510A4856
:108C3000FEF798FD27208DF8040003208DF805002D
:108C40008DF8060001208DF8070001A8FEF736FB1D
:108C500008B010BD000402400048004010B588B0C4
:108C6000044601210846FEF767FB01211020FEF7AC
:108C700093FB072209212248F9F72CF807220A2141
:108C80001F48F9F727F84FF4C060069002208DF8CE
:108C90001C008DF81D0000208DF81E0001208DF8AD
:108CA0001F0006A91648F8F7CDFF02940020ADF882
:108CB0000C00ADF80E00ADF81000ADF814000C205B
:108CC000ADF8120002A90F48FEF772FD01210D4810
:108CD000FEF712FD012240F225510A48FEF742FD3F
:108CE00025208DF8040003208DF805008DF806007E
:108CF00001208DF8070001A8FEF7E0FA08B010BDCA
:108D0000000002400010014010B500290AD0087888
:108D1000002807D005487844F8F73AF8002801D031
:108D2000002010BD0248784410BD00005E1E000007
:108D3000561E00004FEA1153A3F58063D3F11E03C2
:108D4000A8BFD3F1200C08DB4FF0004242EAC12259
:108D500052EA505232FA03F0704709420BD4102BFA
:108D6000C4BF0020704703F5787CBCF1FF3F05D0FD
:108D70004FF0FF3070474FF00000704770B500F0C3
:108D8000C3F800BF4992248000207047F0E7B0FA92
:108D900080F310FA03F10AD0C3F11D0303F58063D9
:108DA0004FEA41504FEA035202EBD12170474FF096
:108DB00000007047DFF848C170B51CEA111E1EBFE5
:108DC0001CEA13159EEA0C0F95EA0C0F00F06F8059
:108DD00081EA030423EA4C134EEAD47E21EA4C11C3
:108DE00041F4801143F48013AE44A1FB024CA0FB7C
:108DF0000365AEF17F7E361955EB0C05A1FB034CE4
:108E00004CF10003A0FB021C16EB0C06654153F16C
:108E10000003094218BF46F0010613F4007F0BD18E
:108E20004FEA03314FEA0530340341EA155140EA75
:108E300016506FF003020AE04FEAC3214FEAC52043
:108E4000F40241EA555140EA56506FF0020202EB3B
:108E50002E4201EB025585EACE710AD05FEA440C3E
:108E600018BF24F0004450F1000041F1000120EA55
:108E7000D47040F2FE7C624500D270BDA84214BF9F
:108E80004FF080444FF04044002E08BF0024BEF154
:108E9000806FA8BFA1F1C041BDE8704080F2828020
:108EA0004FF0000001F1C04101F0004170479EEA1F
:108EB0000C0F0CEA131518BF95EA0C0F06D04FF0F3
:108EC000000081EA030E0EF0004170BD00F01CF8B6
:108ED0008900013E00F007B800F009B84FEA430CE2
:108EE0005FEA5C5C08D081EA030100F05BB84FEAFE
:108EF000410C5FEA5C5CF6D14FF00000014970471D
:108F00000000FF070000F87F0EF1020E2EF0030EA6
:108F10005EF8046B364205D4012A43EB030515F5D0
:108F2000001F12D8012841EB010C1CF5001F0CD8C2
:108F30000ED14FEAD17C15F5001F0CEB4C0C0CF157
:108F4000020C08BF4CEBD37C04E04FF0080C01E0AE
:108F50004FEAD37C0CEB4C0526FA05F606F0070623
:108F6000B6F1040C06D20EEB860CBDE870404CF056
:108F7000010C6047DFE80CF0090B02024FF00041E2
:108F80004FF00000A1F5002170BD194610460128E0
:108F900051EB010418BFD4F5001484BF002001F088
:108FA000004170BD0808A0F500114FEA310170477B
:108FB00043004FEAD30C4FEA3C0C43401FBF40072D
:108FC0000CF1605113F0FE4F70471CF0006F03D19D
:108FD00000200CF0004170470CF0004343EA507051
:108FE00010B540EACC0000F00EF800BF000000927F
:108FF0004FEA0001FFF7D6BF4FF000414FF00000ED
:10900000A1F5002170470EF1020E2EF0030E5EF85E
:10901000044B244204D44FEA4102B2F17F4F11D8ED
:109020004FEA4003B3F17F4F0CD80ED14FEAD07C0A
:10903000B2F17F4F0CEB4C0C0CF1020C08BF4CEB67
:10904000D17C04E04FF0080C01E04FEAD17C0CEB3E
:109050004C0324FA03F404F00704B4F1040C06D220
:109060000EEB840CBDE810404CF0010C6047DFE8CB
:109070000CF0070802024FF00040A0F5800010BD80
:109080000846420018BFD2F1807288BF00F000404D
:1090900010BD4FF04070E1EE100A7047F7F7CBBB00
:1090A00000000000000000000000000000000000C0
:1090B0003F40000000000000000030004000300091
:1090C0004000000009000BC03D000BC03D0009003E
:1090D00018C024407FE0224031800000180024C0E6
:1090E0001B000D803240018003801C4027401C8003
:1090F0000740004010006000000000000000000079
:109100000000000000001F802040402000004020A0
:1091100020401F8000000000090006001F8006009C
:1091200009000000040004003F8004000400000067
:1091300000100060000000000000000004000400B7
:1091400004000400040000000000004000000000D3
:1091500000000000002001C00600380040000000B0
:109160001F802040204020401F8000000000104051
:109170003FC000400000000018C0214022402440B1
:109180001840000010802040244024401B80000034
:1091900002000D0011003FC0014000003C8024404F
:1091A00024402440238000001F8024402440344079
:1091B000038000003000200027C03800200000009D
:1091C0001B802440244024401B8000001C0022C03F
:1091D000224022401F8000000000000008400000E4
:1091E000000000000000000004600000000000001B
:1091F000000004000A00110020804040090009001E
:109200000900090009000000000040402080110012
:109210000A00040018002000234024001800000069
:109220001F802040274029401F400000004007C009
:1092300039000F0001C0004020403FC024402440BE
:109240001B8000001F802040204020403080000014
:1092500020403FC0204020401F80000020403FC0F1
:1092600024402E4030C0000020403FC024402E004B
:10927000300000000F0010802040224033800200A8
:1092800020403FC0040004003FC020402040204058
:109290003FC02040204000000060202020203FC030
:1092A0002000200020403FC024400B0030C0204060
:1092B00020403FC020400040004000C03FC03C0074
:1092C00003C03C003FC0000020403FC00C402300D2
:1092D0003FC020001F802040204020401F80000011
:1092E00020403FC024402400180000001F8021407F
:1092F000214020E01FA0000020403FC02440260065
:1093000019C0004018C02440244022403180000091
:10931000300020403FC020403000000020003F804F
:10932000004000403F80200020003E0001C00700B8
:1093300038002000380007C03C0007C0380000009B
:10934000204039C0060039C02040000020003840CD
:1093500007C0384020000000304021C0264038407F
:1093600020C00000000000007FE0402040200000FE
:10937000000070000C00038000400000000040204E
:1093800040207FE00000000000002000400020009E
:10939000000000000010001000100010001000106D
:1093A00000000000400000000000000000000280FB
:1093B0000540054003C0004020003FC00440044079
:1093C00003800000000003800440044006400000C9
:1093D00000000380044024403FC0004000000380A0
:1093E0000540054003400000000004401FC0244029
:1093F00024402000000002E00550055006500420E3
:1094000020403FC00440040003C00040000004406E
:1094100027C000400000000000100010041027E0EA
:109420000000000020403FC00140070004C004408D
:10943000204020403FC000400040000007C0040022
:1094400007C0040003C00000044007C0044004003B
:1094500003C000400000038004400440038000007B
:10946000041007F004500440038000000000038053
:109470000440045007F00010044007C002400400FC
:1094800004000000000006400540054004C0000044
:10949000000004001F80044000400000040007801A
:1094A0000040044007C000400400070004C00180E1
:1094B00006000400060001C0070001C0060000000D
:1094C000044006C0010006C004400000041007105C
:1094D00004E00180060004000000044005C00640CE
:1094E000044000000000000004007BE04020000079
:1094F000000000000000FFF000000000000040201D
:109500007BE00400000000004000800040002000DC
:1095100020004000000000000000000000000000EB
:10952000000000000000000000001FCC000C000044
:10953000000000000000080030006000080030005B
:1095400060000000022003FC1E20022003FC1E20FD
:109550000220000000000E1811043FFF10840C7858
:10956000000000000F0010840F3800C00778188436
:109570000078000000780F8410C411240E9800E4D5
:10958000008400080800680070000000000000006F
:109590000000000000000000000007E01818200490
:1095A00040020000000040022004181807E00000FC
:1095B000000000000240024001800FF001800240E4
:1095C000024000000080008000800FF800800080D2
:1095D000008000000001000D000E000000000000EF
:1095E00000000000000000800080008000800080FB
:1095F000008000800000000C000C00000000000053
:109600000000000000000006001800600180060055
:1096100018002000000007F00808100410040808D3
:1096200007F000000000080408041FFC0004000408
:109630000000000000000E0C1014102410441184CF
:109640000E0C000000000C18100411041104128804
:109650000C700000000000E00320042408241FFC1C
:109660000024000000001F981084110411041088C9
:1096700010700000000007F0088811041104188819
:109680000070000000001C00100010FC13001C0003
:109690001000000000000E381144108410841144A2
:1096A0000E38000000000700088C104410440888A1
:1096B00007F00000000000000000030C030C000095
:1096C0000000000000000000000101060000000092
:1096D0000000000000000080014002200410080883
:1096E000100400000220022002200220022002209A
:1096F00002200000000010040808041002200140AD
:109700000080000000000E001200100C106C108091
:109710000F00000003E00C1813E4142417C40828F9
:1097200007D000000004003C03C41C40074000E4D4
:10973000001C000410041FFC1104110411040E8805
:109740000070000003E00C1810041004100410084E
:109750001C10000010041FFC100410041004080862
:1097600007F0000010041FFC1104110417C41004BA
:109770000818000010041FFC1104110017C010008D
:109780000800000003E00C181004100410441C78BA
:109790000040000010041FFC108400800080108432
:1097A0001FFC10040000100410041FFC100410041F
:1097B0000000000000030001100110011FFE100056
:1097C0001000000010041FFC110403801464181C16
:1097D0001004000010041FFC100400040004000426
:1097E000000C000010041FFC1F0000FC1F001FFCE9
:1097F0001004000010041FFC0C04030000E010180B
:109800001FFC100007F008081004100410040808DA
:1098100007F0000010041FFC1084108010801080DE
:109820000F00000007F0081810241024101C080A6C
:1098300007F2000010041FFC1104110011C01130C8
:109840000E0C000400000E1C11041084108410443F
:109850001C3800001800100010041FFC1004100039
:109860001800000010001FF8100400040004100489
:109870001FF8100010001E0011E0001C0070138083
:109880001C0010001FC0103C00E01F0000E0103C56
:109890001FC000001004180C163401C001C016349B
:1098A000180C100410001C00130400FC13041C000E
:1098B000100000000804101C1064108413041C0421
:1098C000101800000000000000007FFE400240026F
:1098D00040020000000030000C0003800060001C0B
:1098E0000003000000004002400240027FFE000032
:1098F0000000000000000000200040004000400088
:109900002000000000010001000100010001000131
:1099100000010001000040004000200000000000A5
:1099200000000000000000980124014401440144AB
:1099300000FC000410001FFC0088010401040088E2
:1099400000700000000000700088010401040104A0
:109950000088000000000070008801040104110864
:109960001FFC0004000000F80144014401440144CC
:1099700000C800000000010401040FFC11041104E0
:1099800011001800000000D601290129012901C990
:109990000106000010041FFC008401000100010406
:1099A00000FC000400000104190419FC0004000478
:1099B000000000000000000300010101190119FE70
:1099C0000000000010041FFC0024004001B4010C42
:1099D000010400000000100410041FFC0004000437
:1099E00000000000010401FC0104010001FC01046D
:1099F000010000FC010401FC0084010001000104DD
:109A000000FC0004000000F801040104010401044A
:109A100000F80000010101FF008501040104008835
:109A200000700000000000700088010401040105BE
:109A300001FF00010104010401FC00840104010094
:109A400001800000000000CC012401240124012435
:109A50000198000000000100010007F80104010462
:109A600000000000010001F80004000400040108E7
:109A700001FC0004010001800170000C0010016075
:109A80000180010001F0010C003001C00030010C28
:109A900001F0010000000104018C00740170018CD0
:109AA00001040000010101810171000E0018016034
:109AB0000180010000000184010C01340144018493
:109AC000010C0000000000000000000001003EFC4E
:109AD000400240020000000000000000FFFF000004
:109AE000000000000000400240023EFC01000000B7
:109AF0000000000000006000800080004000400086
:109B00002000200000000000000000000000000015
:109B10000000000000000000000000000000000045
:109B20000000000000000000000000000000000035
:109B3000000000000000000F80380FFE380F803852
:109B40000000000000000000000000000000000015
:109B500000000100000600000C0000380000310089
:109B6000000600000C00003800003000000000007B
:109B70000000000061800067F807F9800061800044
:109B800061800061800061800067F807F9800061F2
:109B90008000000000000000000001C0E003E0F0D1
:109BA0000630080418081FFFFE040E080787F0039C
:109BB00081E000000000000001F000060C00040439
:109BC00008060C7001F9C0000E00003BE000EC1824
:109BD000070808040C180003E00000000001E00082
:109BE00007F003F818041C0804170807E1D003C0A5
:109BF000E00023B0003C0800200800001000000036
:109C00000000000100003100003200001C000000D4
:109C10000000000000000000000000000000000044
:109C20000000000000000000000000000000000034
:109C3000000000007F0001FFC00780F00C0018103A
:109C400000042000020000000000002000021000BC
:109C5000040C00180780F001FFC0007F0000000026
:109C600000000000000000000000000000000000F4
:109C70004200006600006600003C0000180003FF80
:109C8000C0001800003C00006600006600004200B2
:109C900000000000080000080000080000080000A4
:109CA000080001FFC00008000008000008000008CC
:109CB0000000080000000000000100003100003238
:109CC00000001C0000000000000000000000000078
:109CD0000000000000000000000000000800000874
:109CE000000008000008000008000008000008004C
:109CF000000800000800000800000000000000004C
:109D000000000000380000380000380000000000AB
:109D10000000000000000000000000000000000043
:109D200000000000000600001C0000700001800020
:109D30000E0000380000C0000700001C00003000CA
:109D400000000000000000007F8001FFE003807041
:109D500006001804000804000806001803807001BB
:109D6000FFE0007F80000000000000000000010014
:109D70000801000801000803FFF807FFF8000008C9
:109D800000000800000800000000000000000001C2
:109D9000C03802C0580400980401180402180404D2
:109DA00018061C1803F81801E0F800000000000075
:109DB00000000001C0E003C0F0040008040808042B
:109DC000080806180803F41801E7F00001E0000095
:109DD00000000000000000000300000D0000110062
:109DE00000610000810803010807FFF80FFFF80079
:109DF00001080001080000000000000000E007FC6E
:109E0000D0060808061008061008061008061838BC
:109E1000060FF00607C00000000000000000000070
:109E20003F8001FFE003843002081804100804108A
:109E300008041008071810030FF00007C000000006
:109E400000000000000003C000070000060000063C
:109E500000F80607F806180006E0000700000600F4
:109E60000000000000000001E1E003F7F0063410FC
:109E7000041808041808040C08040C080616180333
:109E8000F3F001C1E000000000000000F80003FC56
:109E9000300306380402080402080402080404100F
:109EA0000308F001FFC0007F000000000000000078
:109EB000000000000000000000000000703800708A
:109EC00038007038000000000000000000000000B2
:109ED0000000000000000000000000000000000082
:109EE000301A00301C0000000000000000000000DC
:109EF0000000000000000000000000080000140046
:109F00000022000041000080800100400200200487
:109F100000100800080000000000000021000021DF
:109F2000000021000021000021000021000021008C
:109F300000210000210000210000000000000000BE
:109F4000000008000804001002002001004000800A
:109F50008000410000220000140000080000000002
:109F600000000003C00004C000040000080038081E
:109F70000F380808380810000C300007E00003C054
:109F800000000000000000003F8000FFE003807040
:109F9000020F1006708804C088048308047F8802BA
:109FA000C09003012000FE400000080000180001DE
:109FB000F8003E0801C20007020007E20000FE00B0
:109FC000001FC80001F8000038000008040008075E
:109FD000FFF807FFF8040808040808040808040844
:109FE0000806180803F41801E7F00001E00000007B
:109FF000000000003F8001FFE003807002001804B1
:10A00000000804000804000804001006002007806F
:10A01000C000000004000807FFF807FFF80400086C
:10A0200004000804000804001802001003807001F6
:10A03000FFE0007F8000000004000807FFF807FF32
:10A04000F8040808040808040808040808043E087E
:10A050000400080600180100600000000400080762
:10A06000FFF807FFF80408080408000408000408C3
:10A0700000043E0006000006000001800000000011
:10A08000000000003F8001FFE0038070060018041C
:10A0900000080402080402080203F00783F000022B
:10A0A0000000020004000807FFF807FFF804080892
:10A0B0000008000008000008000008000408080765
:10A0C000FFF807FFF804000800000000000004008B
:10A0D0000804000804000807FFF807FFF804000858
:10A0E0000400080400080000000000000000000058
:10A0F0000006000007000001040001040001040044
:10A100000307FFFE07FFFC0400000400000400003A
:10A1100004000807FFF807FFF8040C080018000007
:10A120003E0004C7800503C80600F8040038040098
:10A130001800000804000807FFF807FFF8040008EB
:10A1400000000800000800000800000800000800E7
:10A15000001800006000000004000807FFF80780F6
:10A160000807FC00007FC00003F80007C00078006B
:10A1700007800807FFF807FFF80400080400080735
:10A18000FFF807000803C00000E000003800001ED0
:10A19000000007000001C00400F007FFF804000001
:10A1A000000000007F8001FFE003807006001804BB
:10A1B000000804000806001803003001FFE0007FDB
:10A1C0008000000004000807FFF807FFF8040408F7
:10A1D000040400040400040400040400060C00034A
:10A1E000F80001F000000000000000007F8001FF87
:10A1F000E00380700600880400880400C806003C64
:10A2000003003E01FFE6007F840000000400080711
:10A21000FFF807FFF8040808040800040C00040F06
:10A2200000040BC00610F003F03801E0080000083D
:10A2300000000001E0F803F03006301004180804B4
:10A240001808040C08040C080206180207F007811D
:10A25000E00000000180000600000400000400008F
:10A2600004000807FFF807FFF804000804000004D2
:10A27000000006000001800004000007FFE007FF67
:10A28000F0040018000008000008000008000008A2
:10A2900000000804001007FFE004000004000006AE
:10A2A000000007E00007FE00041FE00001F80000C6
:10A2B000380001E0043E0007C00006000004000072
:10A2C00004000007E00007FFC0041FF80007C007F4
:10A2D000F80007FF80043FF80007C004F8000700FB
:10A2E0000004000000000004000806001807C07801
:10A2F00005F1C8003E00001F800463E80780F806EF
:10A300000018040008000000040000060000078098
:10A310000007E008047C08001FF80007F800180890
:10A3200004E008070000060000040000000000012F
:10A3300000080600380400F80403E8040F08047C51
:10A340000805F00807C008070018040060000000B6
:10A350000000000000000000000000000000003FBE
:10A36000FFFE200002200002200002200002200048
:10A3700002000000000000000000080000070000CC
:10A3800000C0000038000006000001C000003000DE
:10A39000000E00000100000000000000000020008E
:10A3A000022000022000022000022000023FFFFEE7
:10A3B000000000000000000000000000000000009D
:10A3C0000000000000080000100000300000200025
:10A3D0000030000010000008000000000000000035
:10A3E0000000010000010000010000010000010068
:10A3F0000001000001000001000001000001000058
:10A40000010000010000000000000000002000002A
:10A4100020000010000010000000000000000000FC
:10A4200000000000000000000000000000F0001923
:10A43000F8001B1800220800260800240800241039
:10A44000003FF8001FF8000008000018000000049A
:10A45000000007FFF80FFFF0001818001008002098
:10A4600008002008003018001FF0000FC000000096
:10A470000000000007C0001FF00018300020080096
:10A480002008002008003C08001C100000600000AC
:10A49000000000000000000007C0001FF000381896
:10A4A00000200800200800200804101007FFF80F03
:10A4B000FFF0000010000000000000000000000796
:10A4C000C0001FF0001230002218002208002208ED
:10A4D000003208001E10000E2000000000000000E6
:10A4E000200000200800200801FFF803FFF80620E4
:10A4F00008042008042008072000030000000000D2
:10A5000000000000000E000E6E001FF30031B100CD
:10A5100020B10020B1003191001F13002E1E002039
:10A520000E00300000000004000807FFF80FFFF8DD
:10A53000001008002000002000002008003FF80064
:10A540001FF80000080000000000000000000020CC
:10A5500008002008002008063FF8063FF800000821
:10A5600000000800000800000000000000000000DB
:10A570000000000003000003002001002001002073
:10A5800003063FFE063FFC00000000000000000044
:10A5900000000004000807FFF80FFFF80001880022
:10A5A0000300002FC00038F8002038002008000009
:10A5B000080000000000000000000400080400087B
:10A5C00004000807FFF80FFFF8000008000008006B
:10A5D0000008000000000000002008003FF8003FD5
:10A5E000F8001008002000003FF8003FF8001008B5
:10A5F000002000003FF8003FF800000800000000C5
:10A600002008003FF8003FF800100800100000206C
:10A6100000002008003FF8001FF8000008000000BC
:10A620000000000007C0000FF000183000300800E4
:10A630002008002008003008001830000FF0000744
:10A64000C0000000000000002001003FFF003FFFAD
:10A6500000101100200900200800200800303800F8
:10A660001FF0000FC00000000000000007C0001F26
:10A67000F000381800200800200800200900101100
:10A68000001FFF003FFF0000010000000020080045
:10A690002008002008003FF8003FF80008080010DC
:10A6A00008002008002000003000003000000000FA
:10A6B000000000000000000C78001E1800330800A5
:10A6C00023080021080021880021980030F000387C
:10A6D00060000000000000002000002000002000BA
:10A6E00000FFF003FFF80020080020080020080009
:10A6F0000030000000000000000000002000003FCB
:10A70000F0007FF80000180000080000080020108A
:10A71000003FF8007FF00000100000000000000083
:10A720002000003000003C00003F800023F00000CB
:10A7300078000070002380003C0000300000200002
:10A74000002000003C00003FE00023F80000E00093
:10A750002700003E00003FE00021F80001E0003E3D
:10A760000000200000000000200800200800383809
:10A77000003E680027800003C8002CF8003838002D
:10A780002018002008000000000000002000003019
:10A7900003003C01003F830023EC00007000238095
:10A7A000003C00002000002000000000000000002D
:10A7B00000000038080020380020F80023E8002FAF
:10A7C00088003E08003808002018000070000000D3
:10A7D0000000000000000000000000000000000079
:10A7E00008000014001FF7FC3000062000020000E3
:10A7F0000000000000000000000000000000000059
:10A80000000000000000FFFFFF000000000000004B
:10A810000000000000000000000000000000200018
:10A82000023000061FF7FC001400000800000000C2
:10A830000000000000000000000000000000001800
:10A8400000006000004000004000002000001000F8
:10A85000000800000400000400000C0000100000CC
:10A860003031323334353637383941424344454646
:10A870004030580030313233343536373839616240
:10A88000636465664030780000000000000000004E
:10A890000000B33FB2BE7D3A00002E40DFCF5138FA
:10A8A00000007E40BF51FABA00E0A44019DAC3BAF2
:10A8B00000E0C840C2ED8AB90040EB40CD1F2CBA81
:10A8C000001006412AFFFABA00C01541DFCFD13788
:10A8D00000D024419A97703A0050334189478E3610
:10A8E00000404141E75B9D3800B04E41C00A98B935
:10A8F00000A05B41558F943A00306841DA92C0BAAB
:10A900000040744162B3C63A0000803F00A0853F1A
:10A9100000908B3F00C0913F0030983F00F09E3F79
:10A9200000F0A53F0050AD3F0000B53F0000BD3F27
:10A930000060C53F0020CE3F0040D73F00C0E03F51
:10A9400000C0EA3F0020F53F000000007D36AC3932
:10A950007D3C3839EBDCF438320A7E39124C26392A
:10A960009B6AED39A4EE83397F661E39F6398A3940
:10A970002B426539A48211395B991F39C3EECD3959
:10A98000DDE7C637A5A22F390000803FC3AA853F67
:10A99000C2958B3FD3C3913FF037983F32F59E3F2E
:10A9A000D7FEA53F3F58AD3FF304B53FA408BD3FD8
:10A9B0002A67C53F8C24CE3FFD44D73FDFCCE03F24
:10A9C000C7C0EA3F7D25F53F02400000000000A01F
:10A9D0000000000005400000000000C8000000006A
:10A9E0000C4000000000409C0000000019400000E6
:10A9F0000020BCBE0000000034400000BFC91B8E18
:10AA000000000004B5400000504BCFD06607E2CFF5
:10AA1000010000006C4100003E8251AADFEEA73425
:10AA200001000000D9420000DCB5A0E23A301F97D7
:10AA3000FFFFFFFFB4450000FD25A0C8E9A3C14FFB
:10AA4000FFFFFFFFFF3F000000000080000000004C
:10AA5000FF3F000000000080000000007665727378
:10AA6000696F6E3D323031382D31302D33312672E1
:10AA700065733D70726F64756374732532466769E0
:10AA8000353063443233684D2532466465766963F8
:10AA90006573253246657370383236362665743DE7
:10AAA00032313932363732373738266D6574686F50
:10AAB000643D6D6435267369676E3D5151774E7103
:10AAC000556155643064354935734F6B336F634955
:10AAD00067253344253344007B226964223A2231BE
:10AAE000222C2276657273696F6E223A22312E30E3
:10AAF000222C22706172616D73223A7B2254656D43
:10AB000070223A7B2276616C7565223A252E326678
:10AB10007D2C2248756D223A7B2276616C75652208
:10AB20003A252E32667D2C22536D6F6B65223A7B5F
:10AB30002276616C7565223A25647D2C222573226C
:10AB40003A7B2276616C7565223A252E31667D7DD1
:10AB50007D00000090AB0008000000202C000000E9
:10AB6000C4010008BCAB00082C0000204C0F000002
:10AB7000E00100081C00000043000000F8FFFFFF98
:10AB80000C0000000E0000000F0000002E0000006E
:10AB90000000000001020304010203040607080983
:10ABA000000000000000000000000000FFFF0000A7
:0CABB000000000000000803F00000000DA
:040000050800018965
:00000001FF
